"Date","Price","Open","High","Low","Vol.","Change %"
"10/28/2022","3,901.06","3,808.26","3,905.42","3,808.26","","2.46%"
"10/27/2022","3,807.30","3,834.69","3,859.95","3,803.79","","-0.61%"
"10/26/2022","3,830.60","3,825.97","3,886.15","3,824.07","","-0.74%"
"10/25/2022","3,859.11","3,799.44","3,862.85","3,799.44","","1.63%"
"10/24/2022","3,797.34","3,762.01","3,810.74","3,741.65","","1.19%"
"10/21/2022","3,752.75","3,657.10","3,757.89","3,647.42","","2.37%"
"10/20/2022","3,665.78","3,689.05","3,736.00","3,656.44","","-0.80%"
"10/19/2022","3,695.16","3,703.11","3,728.58","3,666.51","","-0.67%"
"10/18/2022","3,719.98","3,746.26","3,762.79","3,686.53","","1.14%"
"10/17/2022","3,677.95","3,638.65","3,689.73","3,638.65","","2.65%"
"10/14/2022","3,583.07","3,690.41","3,712.00","3,579.68","","-2.37%"
"10/13/2022","3,669.91","3,520.37","3,685.41","3,491.58","","2.60%"
"10/12/2022","3,577.03","3,590.83","3,608.34","3,573.86","","-0.33%"
"10/11/2022","3,588.84","3,595.86","3,640.66","3,568.45","","-0.65%"
"10/10/2022","3,612.39","3,647.51","3,652.17","3,588.10","","-0.75%"
"10/07/2022","3,639.66","3,706.74","3,706.74","3,620.73","","-2.80%"
"10/06/2022","3,744.52","3,771.97","3,797.93","3,739.22","","-1.02%"
"10/05/2022","3,783.28","3,753.25","3,806.91","3,722.66","","-0.20%"
"10/04/2022","3,790.93","3,726.46","3,791.92","3,726.46","","3.06%"
"10/03/2022","3,678.43","3,609.78","3,698.35","3,604.93","","2.59%"
"09/30/2022","3,585.62","3,633.48","3,671.44","3,584.13","","-1.51%"
"09/29/2022","3,640.47","3,687.01","3,687.01","3,610.40","","-2.11%"
"09/28/2022","3,719.04","3,651.94","3,736.74","3,640.61","","1.97%"
"09/27/2022","3,647.29","3,686.44","3,717.53","3,623.29","","-0.21%"
"09/26/2022","3,655.04","3,682.72","3,715.67","3,644.76","","-1.03%"
"09/23/2022","3,693.23","3,727.14","3,727.14","3,647.47","","-1.72%"
"09/22/2022","3,757.99","3,782.36","3,790.90","3,749.45","","-0.84%"
"09/21/2022","3,789.93","3,871.40","3,907.07","3,789.49","","-1.71%"
"09/20/2022","3,855.93","3,875.23","3,876.01","3,827.54","","-1.13%"
"09/19/2022","3,899.89","3,849.91","3,900.45","3,838.50","","0.69%"
"09/16/2022","3,873.33","3,880.95","3,880.95","3,837.08","","-0.72%"
"09/15/2022","3,901.35","3,932.41","3,959.14","3,888.28","","-1.13%"
"09/14/2022","3,946.01","3,940.73","3,961.94","3,912.18","","0.34%"
"09/13/2022","3,932.69","4,037.12","4,037.12","3,921.28","","-4.32%"
"09/12/2022","4,110.41","4,083.67","4,119.28","4,083.67","","1.06%"
"09/09/2022","4,067.36","4,022.94","4,076.81","4,022.94","","1.53%"
"09/08/2022","4,006.18","3,959.94","4,010.50","3,944.81","","0.66%"
"09/07/2022","3,979.87","3,909.43","3,987.89","3,906.03","","1.83%"
"09/06/2022","3,908.19","3,930.89","3,942.55","3,886.75","","-0.41%"
"09/02/2022","3,924.26","3,994.66","4,018.43","3,906.21","","-1.07%"
"09/01/2022","3,966.85","3,936.73","3,970.23","3,903.65","","0.30%"
"08/31/2022","3,955.00","4,000.67","4,015.37","3,954.53","","-0.78%"
"08/30/2022","3,986.16","4,041.25","4,044.98","3,965.21","","-1.10%"
"08/29/2022","4,030.61","4,034.58","4,062.99","4,017.42","","-0.67%"
"08/26/2022","4,057.66","4,198.74","4,203.04","4,057.66","","-3.37%"
"08/25/2022","4,199.12","4,153.26","4,200.54","4,147.59","","1.41%"
"08/24/2022","4,140.77","4,126.55","4,156.56","4,119.97","","0.29%"
"08/23/2022","4,128.73","4,133.09","4,159.77","4,124.03","","-0.22%"
"08/22/2022","4,137.99","4,195.08","4,195.08","4,129.86","","-2.14%"
"08/19/2022","4,228.48","4,266.31","4,266.31","4,218.70","","-1.29%"
"08/18/2022","4,283.74","4,273.13","4,292.53","4,261.98","","0.23%"
"08/17/2022","4,274.04","4,280.40","4,302.18","4,253.08","","-0.72%"
"08/16/2022","4,305.20","4,290.46","4,325.28","4,277.77","","0.19%"
"08/15/2022","4,297.14","4,269.37","4,301.79","4,256.90","","0.40%"
"08/12/2022","4,280.15","4,225.02","4,280.47","4,219.78","","1.73%"
"08/11/2022","4,207.27","4,227.40","4,257.91","4,201.41","","-0.07%"
"08/10/2022","4,210.24","4,181.02","4,211.03","4,177.26","","2.13%"
"08/09/2022","4,122.47","4,133.11","4,137.30","4,112.09","","-0.42%"
"08/08/2022","4,140.06","4,155.93","4,186.62","4,128.97","","-0.12%"
"08/05/2022","4,145.19","4,115.87","4,151.58","4,107.31","","-0.16%"
"08/04/2022","4,151.94","4,154.85","4,161.29","4,135.42","","-0.08%"
"08/03/2022","4,155.17","4,107.96","4,167.66","4,107.96","","1.56%"
"08/02/2022","4,091.19","4,104.21","4,140.47","4,079.81","","-0.67%"
"08/01/2022","4,118.63","4,112.38","4,144.95","4,096.02","","-0.28%"
"07/29/2022","4,130.29","4,087.33","4,140.15","4,079.22","","1.42%"
"07/28/2022","4,072.43","4,026.13","4,078.95","3,992.97","","1.21%"
"07/27/2022","4,023.61","3,951.43","4,039.56","3,951.43","","2.62%"
"07/26/2022","3,921.05","3,953.22","3,953.22","3,910.74","","-1.15%"
"07/25/2022","3,966.84","3,965.72","3,975.30","3,943.46","","0.13%"
"07/22/2022","3,961.63","3,998.43","4,012.44","3,938.86","","-0.93%"
"07/21/2022","3,998.95","3,955.47","3,999.29","3,927.64","","0.99%"
"07/20/2022","3,959.90","3,935.32","3,974.13","3,922.03","","0.59%"
"07/19/2022","3,936.69","3,860.73","3,939.81","3,860.73","","2.76%"
"07/18/2022","3,830.85","3,883.79","3,902.44","3,818.63","","-0.84%"
"07/15/2022","3,863.16","3,818.00","3,863.62","3,817.18","","1.92%"
"07/14/2022","3,790.38","3,763.99","3,796.41","3,721.56","","-0.30%"
"07/13/2022","3,801.78","3,779.67","3,829.44","3,759.07","","-0.45%"
"07/12/2022","3,818.80","3,851.95","3,873.41","3,802.36","","-0.92%"
"07/11/2022","3,854.43","3,880.94","3,880.94","3,847.22","","-1.15%"
"07/08/2022","3,899.38","3,888.26","3,918.50","3,869.34","","-0.08%"
"07/07/2022","3,902.62","3,858.85","3,910.63","3,858.85","","1.50%"
"07/06/2022","3,845.08","3,831.98","3,870.91","3,809.37","","0.36%"
"07/05/2022","3,831.39","3,792.61","3,832.19","3,742.06","","0.16%"
"07/01/2022","3,825.33","3,781.00","3,829.82","3,752.10","","1.06%"
"06/30/2022","3,785.38","3,785.99","3,818.99","3,738.67","","-0.88%"
"06/29/2022","3,818.83","3,825.09","3,836.50","3,799.02","","-0.07%"
"06/28/2022","3,821.55","3,913.00","3,945.86","3,820.14","","-2.01%"
"06/27/2022","3,900.11","3,920.76","3,927.72","3,889.66","","-0.30%"
"06/24/2022","3,911.74","3,821.75","3,913.65","3,821.75","","3.06%"
"06/23/2022","3,795.73","3,774.71","3,802.58","3,743.52","","0.95%"
"06/22/2022","3,759.89","3,733.89","3,801.79","3,717.69","","-0.13%"
"06/21/2022","3,764.79","3,715.31","3,779.65","3,715.31","","2.45%"
"06/17/2022","3,674.84","3,665.90","3,707.71","3,636.87","","0.22%"
"06/16/2022","3,666.77","3,728.18","3,728.18","3,639.77","","-3.25%"
"06/15/2022","3,789.99","3,764.05","3,837.56","3,722.30","","1.46%"
"06/14/2022","3,735.48","3,763.52","3,778.18","3,705.68","","-0.38%"
"06/13/2022","3,749.63","3,838.15","3,838.15","3,734.30","","-3.88%"
"06/10/2022","3,900.86","3,974.39","3,974.39","3,900.16","","-2.91%"
"06/09/2022","4,017.82","4,101.65","4,119.10","4,017.17","","-2.38%"
"06/08/2022","4,115.77","4,147.12","4,160.14","4,107.20","","-1.08%"
"06/07/2022","4,160.68","4,096.47","4,164.86","4,080.19","","0.95%"
"06/06/2022","4,121.43","4,134.72","4,168.78","4,109.18","","0.31%"
"06/03/2022","4,108.54","4,137.57","4,142.67","4,098.67","","-1.63%"
"06/02/2022","4,176.82","4,095.41","4,177.51","4,074.37","","1.84%"
"06/01/2022","4,101.23","4,149.78","4,166.54","4,073.85","","-0.75%"
"05/31/2022","4,132.15","4,151.09","4,168.34","4,104.88","","-0.63%"
"05/27/2022","4,158.24","4,077.43","4,158.49","4,077.43","","2.47%"
"05/26/2022","4,057.84","3,984.60","4,075.14","3,984.60","","1.99%"
"05/25/2022","3,978.73","3,929.59","3,999.33","3,925.03","","0.95%"
"05/24/2022","3,941.48","3,942.94","3,955.68","3,875.13","","-0.81%"
"05/23/2022","3,973.75","3,919.42","3,981.88","3,909.04","","1.86%"
"05/20/2022","3,901.36","3,927.76","3,943.42","3,810.32","","0.01%"
"05/19/2022","3,900.79","3,899.00","3,945.96","3,876.58","","-0.58%"
"05/18/2022","3,923.68","4,051.98","4,051.98","3,911.91","","-4.04%"
"05/17/2022","4,088.85","4,052.00","4,090.72","4,033.93","","2.02%"
"05/16/2022","4,008.01","4,013.02","4,046.46","3,983.99","","-0.39%"
"05/13/2022","4,023.89","3,963.90","4,038.88","3,963.90","","2.39%"
"05/12/2022","3,930.08","3,903.95","3,964.80","3,858.87","","-0.13%"
"05/11/2022","3,935.18","3,990.08","4,049.09","3,928.82","","-1.65%"
"05/10/2022","4,001.05","4,035.18","4,068.82","3,958.17","","0.25%"
"05/09/2022","3,991.24","4,081.27","4,081.27","3,975.48","","-3.20%"
"05/06/2022","4,123.34","4,128.17","4,157.69","4,067.91","","-0.70%"
"05/05/2022","4,152.38","4,255.50","4,256.39","4,105.51","","-3.44%"
"05/04/2022","4,300.17","4,181.18","4,307.66","4,148.91","","2.99%"
"05/03/2022","4,175.48","4,159.78","4,200.10","4,147.08","","0.48%"
"05/02/2022","4,155.38","4,130.61","4,169.81","4,062.51","","0.57%"
"04/29/2022","4,131.93","4,253.75","4,269.68","4,124.28","","-3.63%"
"04/28/2022","4,287.50","4,222.58","4,308.45","4,188.63","","2.47%"
"04/27/2022","4,183.96","4,186.52","4,240.71","4,162.90","","0.21%"
"04/26/2022","4,175.20","4,278.14","4,278.14","4,175.04","","-2.81%"
"04/25/2022","4,296.12","4,255.34","4,299.02","4,200.82","","0.57%"
"04/22/2022","4,271.78","4,385.83","4,385.83","4,267.62","","-2.77%"
"04/21/2022","4,393.66","4,489.17","4,512.94","4,384.47","","-1.48%"
"04/20/2022","4,459.45","4,472.26","4,488.29","4,448.76","","-0.06%"
"04/19/2022","4,462.21","4,390.63","4,471.03","4,390.63","","1.61%"
"04/18/2022","4,391.69","4,385.63","4,410.31","4,370.30","","-0.02%"
"04/14/2022","4,392.59","4,449.12","4,460.46","4,390.77","","-1.21%"
"04/13/2022","4,446.59","4,394.30","4,453.92","4,392.70","","1.12%"
"04/12/2022","4,397.45","4,437.59","4,471.00","4,381.34","","-0.34%"
"04/11/2022","4,412.53","4,462.64","4,464.35","4,408.38","","-1.69%"
"04/08/2022","4,488.28","4,494.15","4,520.41","4,474.60","","-0.27%"
"04/07/2022","4,500.21","4,474.65","4,521.16","4,450.30","","0.43%"
"04/06/2022","4,481.15","4,494.17","4,503.94","4,450.04","","-0.97%"
"04/05/2022","4,525.12","4,572.45","4,593.45","4,514.17","","-1.26%"
"04/04/2022","4,582.64","4,547.97","4,583.50","4,539.21","","0.81%"
"04/01/2022","4,545.86","4,540.32","4,548.70","4,507.57","","0.34%"
"03/31/2022","4,530.41","4,599.02","4,603.07","4,530.41","","-1.57%"
"03/30/2022","4,602.45","4,624.20","4,627.77","4,581.32","","-0.63%"
"03/29/2022","4,631.60","4,602.86","4,637.30","4,589.66","","1.23%"
"03/28/2022","4,575.52","4,541.09","4,575.65","4,517.69","","0.71%"
"03/25/2022","4,543.04","4,522.91","4,546.03","4,501.07","","0.51%"
"03/24/2022","4,520.16","4,469.98","4,520.58","4,465.17","","1.43%"
"03/23/2022","4,456.23","4,493.10","4,501.07","4,455.81","","-1.23%"
"03/22/2022","4,511.61","4,469.10","4,522.00","4,469.10","","1.13%"
"03/21/2022","4,461.18","4,462.40","4,481.75","4,424.30","","-0.04%"
"03/18/2022","4,463.09","4,407.34","4,465.40","4,390.57","","1.17%"
"03/17/2022","4,411.67","4,345.11","4,412.67","4,335.65","","1.23%"
"03/16/2022","4,357.95","4,288.14","4,358.90","4,251.99","","2.24%"
"03/15/2022","4,262.45","4,188.82","4,271.05","4,187.90","","2.14%"
"03/14/2022","4,173.11","4,202.75","4,247.57","4,161.72","","-0.74%"
"03/11/2022","4,204.31","4,279.50","4,291.01","4,200.49","","-1.30%"
"03/10/2022","4,259.52","4,252.55","4,268.28","4,209.80","","-0.43%"
"03/09/2022","4,277.88","4,223.10","4,299.40","4,223.10","","2.57%"
"03/08/2022","4,170.62","4,202.66","4,276.94","4,157.87","","-0.73%"
"03/07/2022","4,201.09","4,327.01","4,327.01","4,199.85","","-2.95%"
"03/04/2022","4,328.87","4,342.12","4,342.12","4,284.98","","-0.79%"
"03/03/2022","4,363.49","4,401.31","4,416.78","4,350.37","","-0.53%"
"03/02/2022","4,386.54","4,322.56","4,401.48","4,322.56","","1.86%"
"03/01/2022","4,306.26","4,363.14","4,378.45","4,279.54","","-1.54%"
"02/28/2022","4,373.79","4,354.17","4,388.84","4,315.12","","-0.25%"
"02/25/2022","4,384.62","4,298.38","4,385.34","4,286.83","","2.24%"
"02/24/2022","4,288.70","4,155.77","4,294.73","4,114.65","","1.50%"
"02/23/2022","4,225.50","4,324.93","4,341.51","4,221.51","","-1.84%"
"02/22/2022","4,304.74","4,332.74","4,362.12","4,267.11","","-1.01%"
"02/18/2022","4,348.87","4,384.57","4,394.60","4,327.22","","-0.72%"
"02/17/2022","4,380.26","4,456.06","4,456.06","4,373.81","","-2.12%"
"02/16/2022","4,475.01","4,455.75","4,489.55","4,429.68","","0.09%"
"02/15/2022","4,471.07","4,429.28","4,472.77","4,429.28","","1.58%"
"02/14/2022","4,401.67","4,412.61","4,426.22","4,364.84","","-0.38%"
"02/11/2022","4,418.64","4,506.27","4,526.33","4,401.41","","-1.90%"
"02/10/2022","4,504.06","4,553.24","4,588.92","4,484.31","","-1.81%"
"02/09/2022","4,587.18","4,547.00","4,590.03","4,547.00","","1.45%"
"02/08/2022","4,521.54","4,480.02","4,531.32","4,465.40","","0.84%"
"02/07/2022","4,483.87","4,505.75","4,521.86","4,471.47","","-0.37%"
"02/04/2022","4,500.54","4,482.79","4,539.66","4,451.50","","0.52%"
"02/03/2022","4,477.44","4,535.41","4,542.88","4,470.39","","-2.44%"
"02/02/2022","4,589.32","4,566.39","4,595.31","4,544.32","","0.94%"
"02/01/2022","4,546.54","4,519.57","4,550.49","4,483.53","","0.69%"
"01/31/2022","4,515.55","4,431.79","4,516.89","4,414.02","","1.89%"
"01/28/2022","4,431.85","4,336.19","4,432.72","4,292.46","","2.43%"
"01/27/2022","4,326.50","4,380.58","4,428.74","4,309.50","","-0.54%"
"01/26/2022","4,349.93","4,408.43","4,453.23","4,304.80","","-0.15%"
"01/25/2022","4,356.45","4,366.64","4,411.01","4,287.11","","-1.22%"
"01/24/2022","4,410.13","4,356.32","4,417.35","4,222.62","","0.28%"
"01/21/2022","4,397.93","4,471.38","4,494.52","4,395.34","","-1.89%"
"01/20/2022","4,482.73","4,547.35","4,602.11","4,477.95","","-1.10%"
"01/19/2022","4,532.76","4,588.03","4,611.55","4,530.20","","-0.97%"
"01/18/2022","4,577.34","4,632.24","4,632.24","4,568.70","","-1.83%"
"01/14/2022","4,662.85","4,637.99","4,665.13","4,614.75","","0.08%"
"01/13/2022","4,659.02","4,733.56","4,744.13","4,650.29","","-1.42%"
"01/12/2022","4,726.35","4,728.59","4,748.83","4,706.71","","0.28%"
"01/11/2022","4,713.07","4,669.14","4,714.13","4,638.27","","0.92%"
"01/10/2022","4,670.29","4,655.34","4,673.02","4,582.24","","-0.14%"
"01/07/2022","4,677.02","4,697.66","4,707.95","4,662.74","","-0.41%"
"01/06/2022","4,696.05","4,693.39","4,725.01","4,671.26","","-0.10%"
"01/05/2022","4,700.58","4,787.99","4,797.70","4,699.44","","-1.94%"
"01/04/2022","4,793.54","4,804.51","4,818.62","4,774.27","","-0.06%"
"01/03/2022","4,796.56","4,778.14","4,796.64","4,758.17","","0.64%"
"12/31/2021","4,766.18","4,775.21","4,786.83","4,765.75","","-0.26%"
"12/30/2021","4,778.73","4,794.23","4,808.93","4,775.33","","-0.30%"
"12/29/2021","4,793.06","4,788.64","4,804.06","4,778.08","","0.14%"
"12/28/2021","4,786.36","4,795.49","4,807.02","4,780.04","","-0.10%"
"12/27/2021","4,791.19","4,733.99","4,791.49","4,733.99","","1.38%"
"12/23/2021","4,725.78","4,703.96","4,740.74","4,703.96","","0.62%"
"12/22/2021","4,696.56","4,650.36","4,697.67","4,645.53","","1.02%"
"12/21/2021","4,649.23","4,594.96","4,651.14","4,583.16","","1.78%"
"12/20/2021","4,568.02","4,587.90","4,587.90","4,531.10","","-1.14%"
"12/17/2021","4,620.64","4,652.50","4,666.70","4,600.22","","-1.03%"
"12/16/2021","4,668.67","4,719.13","4,731.99","4,651.89","","-0.87%"
"12/15/2021","4,709.84","4,636.46","4,712.60","4,611.22","","1.63%"
"12/14/2021","4,634.09","4,642.99","4,660.47","4,606.52","","-0.75%"
"12/13/2021","4,669.15","4,710.30","4,710.30","4,667.60","","-0.91%"
"12/10/2021","4,712.02","4,687.64","4,713.57","4,670.24","","0.95%"
"12/09/2021","4,667.45","4,691.00","4,695.26","4,665.98","","-0.72%"
"12/08/2021","4,701.21","4,690.86","4,705.06","4,674.52","","0.31%"
"12/07/2021","4,686.75","4,631.97","4,694.04","4,631.97","","2.07%"
"12/06/2021","4,591.67","4,548.37","4,612.60","4,540.51","","1.17%"
"12/03/2021","4,538.43","4,589.49","4,608.03","4,495.12","","-0.84%"
"12/02/2021","4,577.10","4,504.73","4,595.46","4,504.73","","1.42%"
"12/01/2021","4,513.04","4,602.82","4,652.94","4,510.27","","-1.18%"
"11/30/2021","4,567.00","4,640.25","4,646.02","4,560.00","","-1.90%"
"11/29/2021","4,655.27","4,628.75","4,672.95","4,625.26","","1.32%"
"11/26/2021","4,594.62","4,664.63","4,664.63","4,585.43","","-2.27%"
"11/24/2021","4,701.46","4,675.78","4,702.87","4,659.89","","0.23%"
"11/23/2021","4,690.70","4,678.48","4,699.39","4,652.66","","0.17%"
"11/22/2021","4,682.95","4,712.00","4,743.83","4,682.17","","-0.32%"
"11/19/2021","4,697.96","4,708.44","4,717.75","4,694.22","","-0.18%"
"11/18/2021","4,706.64","4,700.72","4,708.75","4,672.78","","0.38%"
"11/17/2021","4,688.67","4,701.50","4,701.50","4,684.41","","-0.26%"
"11/16/2021","4,700.90","4,679.42","4,714.95","4,679.42","","0.39%"
"11/15/2021","4,682.81","4,689.30","4,697.42","4,672.86","","0.00%"
"11/12/2021","4,682.85","4,655.24","4,688.47","4,650.77","","0.72%"
"11/11/2021","4,649.27","4,659.39","4,664.55","4,648.31","","0.06%"
"11/10/2021","4,646.71","4,670.26","4,684.85","4,630.86","","-0.82%"
"11/09/2021","4,685.25","4,707.25","4,708.53","4,670.87","","-0.35%"
"11/08/2021","4,701.70","4,701.48","4,714.92","4,694.39","","0.09%"
"11/05/2021","4,697.53","4,699.26","4,718.50","4,681.32","","0.37%"
"11/04/2021","4,680.06","4,662.93","4,683.00","4,662.59","","0.42%"
"11/03/2021","4,660.57","4,630.65","4,663.46","4,621.19","","0.65%"
"11/02/2021","4,630.65","4,613.34","4,635.15","4,613.34","","0.37%"
"11/01/2021","4,613.67","4,610.62","4,620.34","4,595.06","","0.18%"
"10/29/2021","4,605.38","4,572.87","4,608.08","4,567.59","","0.19%"
"10/28/2021","4,596.42","4,562.84","4,597.55","4,562.84","","0.98%"
"10/27/2021","4,551.68","4,580.22","4,584.57","4,551.66","","-0.51%"
"10/26/2021","4,574.79","4,578.69","4,598.53","4,569.17","","0.18%"
"10/25/2021","4,566.48","4,553.69","4,572.62","4,537.36","","0.47%"
"10/22/2021","4,544.90","4,546.12","4,559.67","4,524.00","","-0.11%"
"10/21/2021","4,549.78","4,532.24","4,551.44","4,526.89","","0.30%"
"10/20/2021","4,536.19","4,524.42","4,540.87","4,524.40","","0.37%"
"10/19/2021","4,519.63","4,497.34","4,520.40","4,496.41","","0.74%"
"10/18/2021","4,486.48","4,463.72","4,488.75","4,447.47","","0.34%"
"10/15/2021","4,471.37","4,447.69","4,475.82","4,447.69","","0.75%"
"10/14/2021","4,438.23","4,386.75","4,439.73","4,386.75","","1.71%"
"10/13/2021","4,363.80","4,358.01","4,372.87","4,329.92","","0.30%"
"10/12/2021","4,350.64","4,368.31","4,374.89","4,342.09","","-0.24%"
"10/11/2021","4,361.19","4,385.44","4,415.88","4,360.59","","-0.69%"
"10/08/2021","4,391.36","4,406.51","4,412.02","4,386.22","","-0.19%"
"10/07/2021","4,399.76","4,383.73","4,429.97","4,383.73","","0.83%"
"10/06/2021","4,363.55","4,319.57","4,365.57","4,290.49","","0.41%"
"10/05/2021","4,345.72","4,309.87","4,369.23","4,309.87","","1.05%"
"10/04/2021","4,300.46","4,348.84","4,355.51","4,278.94","","-1.30%"
"10/01/2021","4,357.05","4,317.16","4,375.19","4,288.52","","1.15%"
"09/30/2021","4,307.54","4,370.67","4,382.55","4,306.24","","-1.19%"
"09/29/2021","4,359.46","4,362.41","4,385.57","4,355.08","","0.16%"
"09/28/2021","4,352.63","4,419.54","4,419.54","4,346.33","","-2.04%"
"09/27/2021","4,443.11","4,442.12","4,457.30","4,436.19","","-0.28%"
"09/24/2021","4,455.48","4,438.04","4,463.12","4,430.27","","0.15%"
"09/23/2021","4,448.98","4,406.75","4,465.40","4,406.75","","1.21%"
"09/22/2021","4,395.64","4,367.43","4,416.75","4,367.43","","0.95%"
"09/21/2021","4,354.18","4,374.45","4,394.87","4,347.96","","-0.08%"
"09/20/2021","4,357.73","4,402.95","4,402.95","4,305.91","","-1.70%"
"09/17/2021","4,432.99","4,469.74","4,471.52","4,427.76","","-0.91%"
"09/16/2021","4,473.76","4,477.09","4,485.87","4,443.80","","-0.15%"
"09/15/2021","4,480.70","4,447.49","4,486.87","4,438.37","","0.85%"
"09/14/2021","4,443.05","4,479.33","4,485.68","4,435.46","","-0.57%"
"09/13/2021","4,468.73","4,474.81","4,492.99","4,445.70","","0.23%"
"09/10/2021","4,458.58","4,506.92","4,520.47","4,457.66","","-0.77%"
"09/09/2021","4,493.28","4,513.02","4,529.90","4,492.07","","-0.46%"
"09/08/2021","4,514.07","4,518.09","4,521.79","4,493.95","","-0.13%"
"09/07/2021","4,520.03","4,535.38","4,535.38","4,513.00","","-0.34%"
"09/03/2021","4,535.43","4,532.42","4,541.45","4,521.30","","-0.03%"
"09/02/2021","4,536.95","4,534.48","4,545.85","4,524.66","","0.28%"
"09/01/2021","4,524.09","4,528.80","4,537.11","4,522.02","","0.03%"
"08/31/2021","4,522.68","4,529.75","4,531.39","4,515.80","","-0.13%"
"08/30/2021","4,528.79","4,513.76","4,537.36","4,513.76","","0.43%"
"08/27/2021","4,509.37","4,474.10","4,513.33","4,474.10","","0.88%"
"08/26/2021","4,469.91","4,493.75","4,495.90","4,468.99","","-0.58%"
"08/25/2021","4,496.19","4,490.45","4,501.71","4,485.66","","0.22%"
"08/24/2021","4,486.23","4,484.40","4,492.81","4,482.28","","0.15%"
"08/23/2021","4,479.54","4,450.29","4,489.88","4,450.29","","0.85%"
"08/20/2021","4,441.67","4,410.56","4,444.35","4,406.80","","0.81%"
"08/19/2021","4,405.80","4,382.44","4,418.61","4,367.73","","0.13%"
"08/18/2021","4,400.27","4,440.94","4,454.32","4,397.59","","-1.07%"
"08/17/2021","4,448.08","4,462.12","4,462.12","4,417.83","","-0.70%"
"08/16/2021","4,479.66","4,461.65","4,480.26","4,437.66","","0.26%"
"08/13/2021","4,468.00","4,464.84","4,468.37","4,460.82","","0.16%"
"08/12/2021","4,460.84","4,446.08","4,461.77","4,435.96","","0.30%"
"08/11/2021","4,447.70","4,442.18","4,449.44","4,436.42","","0.25%"
"08/10/2021","4,436.75","4,435.79","4,445.21","4,430.03","","0.10%"
"08/09/2021","4,432.35","4,437.77","4,439.39","4,424.74","","-0.09%"
"08/06/2021","4,436.52","4,429.07","4,440.82","4,429.07","","0.17%"
"08/05/2021","4,429.10","4,408.86","4,429.76","4,408.86","","0.60%"
"08/04/2021","4,402.68","4,415.95","4,416.17","4,400.23","","-0.46%"
"08/03/2021","4,423.15","4,392.74","4,423.79","4,373.00","","0.82%"
"08/02/2021","4,387.11","4,406.86","4,422.18","4,384.81","","-0.19%"
"07/30/2021","4,395.26","4,395.12","4,412.25","4,389.65","","-0.54%"
"07/29/2021","4,419.15","4,403.59","4,429.97","4,403.59","","0.42%"
"07/28/2021","4,400.65","4,402.95","4,415.47","4,387.01","","-0.02%"
"07/27/2021","4,401.46","4,416.38","4,416.38","4,372.51","","-0.47%"
"07/26/2021","4,422.23","4,409.58","4,422.73","4,405.45","","0.24%"
"07/23/2021","4,411.80","4,381.20","4,415.18","4,381.20","","1.01%"
"07/22/2021","4,367.48","4,361.27","4,369.31","4,350.06","","0.20%"
"07/21/2021","4,358.69","4,331.13","4,359.70","4,331.13","","0.82%"
"07/20/2021","4,323.21","4,265.11","4,336.84","4,262.05","","1.52%"
"07/19/2021","4,258.63","4,296.40","4,296.40","4,233.13","","-1.58%"
"07/16/2021","4,327.16","4,367.43","4,375.09","4,322.53","","-0.75%"
"07/15/2021","4,360.03","4,369.02","4,369.02","4,340.70","","-0.33%"
"07/14/2021","4,374.30","4,380.11","4,393.68","4,362.36","","0.12%"
"07/13/2021","4,369.21","4,381.07","4,392.37","4,366.92","","-0.35%"
"07/12/2021","4,384.63","4,372.41","4,386.68","4,364.03","","0.35%"
"07/09/2021","4,369.55","4,329.38","4,371.60","4,329.38","","1.13%"
"07/08/2021","4,320.82","4,321.07","4,330.88","4,289.37","","-0.86%"
"07/07/2021","4,358.13","4,351.01","4,361.88","4,329.79","","0.34%"
"07/06/2021","4,343.54","4,356.46","4,356.46","4,314.37","","-0.20%"
"07/02/2021","4,352.34","4,326.60","4,355.43","4,326.60","","0.75%"
"07/01/2021","4,319.94","4,300.73","4,320.66","4,300.73","","0.52%"
"06/30/2021","4,297.50","4,290.65","4,302.43","4,287.96","","0.13%"
"06/29/2021","4,291.80","4,293.21","4,300.52","4,287.04","","0.03%"
"06/28/2021","4,290.61","4,284.90","4,292.14","4,274.67","","0.23%"
"06/25/2021","4,280.70","4,274.45","4,286.12","4,271.16","","0.33%"
"06/24/2021","4,266.49","4,256.97","4,271.28","4,256.97","","0.58%"
"06/23/2021","4,241.84","4,249.27","4,256.60","4,241.43","","-0.11%"
"06/22/2021","4,246.44","4,224.61","4,255.84","4,217.27","","0.51%"
"06/21/2021","4,224.79","4,173.40","4,226.24","4,173.40","","1.40%"
"06/18/2021","4,166.45","4,204.78","4,204.78","4,164.40","","-1.31%"
"06/17/2021","4,221.86","4,220.37","4,232.29","4,196.05","","-0.04%"
"06/16/2021","4,223.70","4,248.87","4,251.89","4,202.45","","-0.54%"
"06/15/2021","4,246.59","4,255.28","4,257.16","4,238.35","","-0.20%"
"06/14/2021","4,255.15","4,248.31","4,255.59","4,234.07","","0.18%"
"06/11/2021","4,247.44","4,242.90","4,248.38","4,232.25","","0.19%"
"06/10/2021","4,239.18","4,228.56","4,249.74","4,220.34","","0.47%"
"06/09/2021","4,219.55","4,232.99","4,237.09","4,218.74","","-0.18%"
"06/08/2021","4,227.26","4,233.81","4,236.74","4,208.41","","0.02%"
"06/07/2021","4,226.52","4,229.34","4,232.34","4,215.66","","-0.08%"
"06/04/2021","4,229.89","4,206.05","4,233.45","4,206.05","","0.88%"
"06/03/2021","4,192.85","4,191.43","4,204.39","4,167.93","","-0.36%"
"06/02/2021","4,208.12","4,206.82","4,217.37","4,198.27","","0.14%"
"06/01/2021","4,202.04","4,216.52","4,234.12","4,197.59","","-0.05%"
"05/28/2021","4,204.11","4,210.77","4,218.36","4,203.57","","0.08%"
"05/27/2021","4,200.88","4,201.94","4,213.38","4,197.78","","0.12%"
"05/26/2021","4,195.99","4,191.59","4,202.61","4,184.11","","0.19%"
"05/25/2021","4,188.13","4,205.94","4,213.42","4,182.52","","-0.21%"
"05/24/2021","4,197.05","4,170.16","4,209.52","4,170.16","","0.99%"
"05/21/2021","4,155.86","4,168.61","4,188.72","4,151.72","","-0.08%"
"05/20/2021","4,159.12","4,121.97","4,172.80","4,121.97","","1.06%"
"05/19/2021","4,115.68","4,098.45","4,116.93","4,061.41","","-0.29%"
"05/18/2021","4,127.83","4,165.94","4,169.15","4,125.99","","-0.85%"
"05/17/2021","4,163.29","4,169.92","4,171.92","4,142.69","","-0.25%"
"05/14/2021","4,173.85","4,129.58","4,183.13","4,129.58","","1.49%"
"05/13/2021","4,112.50","4,074.99","4,131.58","4,074.99","","1.22%"
"05/12/2021","4,063.04","4,130.55","4,134.73","4,056.88","","-2.14%"
"05/11/2021","4,152.10","4,150.34","4,162.04","4,111.53","","-0.87%"
"05/10/2021","4,188.43","4,228.29","4,236.39","4,188.13","","-1.04%"
"05/07/2021","4,232.60","4,210.34","4,238.04","4,201.64","","0.74%"
"05/06/2021","4,201.62","4,169.14","4,202.70","4,147.33","","0.82%"
"05/05/2021","4,167.59","4,177.06","4,187.72","4,160.94","","0.07%"
"05/04/2021","4,164.66","4,179.04","4,179.04","4,128.59","","-0.67%"
"05/03/2021","4,192.66","4,191.98","4,209.39","4,188.03","","0.27%"
"04/30/2021","4,181.17","4,198.10","4,198.10","4,174.85","","-0.72%"
"04/29/2021","4,211.47","4,206.14","4,218.78","4,176.81","","0.68%"
"04/28/2021","4,183.18","4,185.14","4,201.53","4,181.78","","-0.08%"
"04/27/2021","4,186.72","4,188.25","4,193.35","4,176.22","","-0.02%"
"04/26/2021","4,187.62","4,185.03","4,194.19","4,182.36","","0.18%"
"04/23/2021","4,180.17","4,138.78","4,194.17","4,138.78","","1.09%"
"04/22/2021","4,134.98","4,170.46","4,179.57","4,123.69","","-0.92%"
"04/21/2021","4,173.42","4,128.42","4,175.02","4,126.35","","0.93%"
"04/20/2021","4,134.94","4,159.18","4,159.18","4,118.38","","-0.68%"
"04/19/2021","4,163.26","4,179.80","4,180.81","4,150.47","","-0.53%"
"04/16/2021","4,185.47","4,174.14","4,191.31","4,170.75","","0.36%"
"04/15/2021","4,170.42","4,139.76","4,173.49","4,139.76","","1.11%"
"04/14/2021","4,124.66","4,141.58","4,151.69","4,120.87","","-0.41%"
"04/13/2021","4,141.59","4,130.10","4,148.00","4,124.43","","0.33%"
"04/12/2021","4,127.99","4,124.71","4,131.76","4,114.82","","-0.02%"
"04/09/2021","4,128.80","4,096.11","4,129.48","4,095.51","","0.77%"
"04/08/2021","4,097.17","4,089.95","4,098.19","4,082.54","","0.42%"
"04/07/2021","4,079.95","4,074.29","4,083.13","4,068.31","","0.15%"
"04/06/2021","4,073.94","4,075.57","4,086.23","4,068.14","","-0.10%"
"04/05/2021","4,077.91","4,034.44","4,083.42","4,034.44","","1.44%"
"04/01/2021","4,019.87","3,992.78","4,020.63","3,992.78","","1.18%"
"03/31/2021","3,972.89","3,967.25","3,994.41","3,966.98","","0.36%"
"03/30/2021","3,958.55","3,963.34","3,968.01","3,944.35","","-0.32%"
"03/29/2021","3,971.09","3,969.31","3,981.83","3,943.25","","-0.09%"
"03/26/2021","3,974.54","3,917.12","3,978.19","3,917.12","","1.66%"
"03/25/2021","3,909.52","3,879.34","3,919.54","3,853.50","","0.52%"
"03/24/2021","3,889.14","3,919.93","3,942.08","3,889.07","","-0.55%"
"03/23/2021","3,910.52","3,937.60","3,949.13","3,901.57","","-0.76%"
"03/22/2021","3,940.59","3,916.48","3,955.31","3,914.16","","0.70%"
"03/19/2021","3,913.10","3,913.14","3,930.12","3,886.75","","-0.06%"
"03/18/2021","3,915.46","3,953.50","3,969.62","3,910.86","","-1.48%"
"03/17/2021","3,974.12","3,949.57","3,983.87","3,935.74","","0.29%"
"03/16/2021","3,962.71","3,973.59","3,981.04","3,953.44","","-0.16%"
"03/15/2021","3,968.94","3,942.96","3,970.08","3,923.54","","0.65%"
"03/12/2021","3,943.34","3,924.52","3,944.99","3,915.21","","0.10%"
"03/11/2021","3,939.34","3,915.54","3,960.27","3,915.54","","1.04%"
"03/10/2021","3,898.81","3,891.99","3,917.35","3,885.73","","0.60%"
"03/09/2021","3,875.44","3,851.93","3,903.76","3,851.93","","1.42%"
"03/08/2021","3,821.35","3,844.39","3,881.06","3,819.25","","-0.54%"
"03/05/2021","3,841.94","3,793.58","3,851.69","3,730.19","","1.95%"
"03/04/2021","3,768.47","3,818.53","3,843.67","3,723.34","","-1.34%"
"03/03/2021","3,819.72","3,863.99","3,874.47","3,818.86","","-1.31%"
"03/02/2021","3,870.29","3,903.64","3,906.41","3,868.57","","-0.81%"
"03/01/2021","3,901.82","3,842.51","3,914.50","3,842.51","","2.38%"
"02/26/2021","3,811.15","3,839.66","3,861.08","3,789.54","","-0.48%"
"02/25/2021","3,829.34","3,915.80","3,925.02","3,814.04","","-2.45%"
"02/24/2021","3,925.43","3,873.71","3,928.65","3,859.60","","1.14%"
"02/23/2021","3,881.37","3,857.07","3,895.98","3,805.59","","0.13%"
"02/22/2021","3,876.50","3,885.55","3,902.92","3,874.71","","-0.77%"
"02/19/2021","3,906.71","3,921.16","3,930.41","3,903.07","","-0.19%"
"02/18/2021","3,913.97","3,915.86","3,921.98","3,885.03","","-0.44%"
"02/17/2021","3,931.33","3,918.50","3,933.61","3,900.43","","-0.03%"
"02/16/2021","3,932.59","3,939.61","3,950.43","3,923.85","","-0.06%"
"02/12/2021","3,934.83","3,911.65","3,937.23","3,905.78","","0.47%"
"02/11/2021","3,916.38","3,916.40","3,925.99","3,890.39","","0.17%"
"02/10/2021","3,909.88","3,920.78","3,931.50","3,884.94","","-0.03%"
"02/09/2021","3,911.23","3,910.49","3,918.35","3,902.64","","-0.11%"
"02/08/2021","3,915.59","3,892.59","3,915.77","3,892.59","","0.74%"
"02/05/2021","3,886.83","3,878.30","3,894.56","3,874.93","","0.39%"
"02/04/2021","3,871.74","3,836.66","3,872.42","3,836.66","","1.09%"
"02/03/2021","3,830.17","3,840.27","3,847.51","3,816.68","","0.10%"
"02/02/2021","3,826.31","3,791.84","3,843.09","3,791.84","","1.39%"
"02/01/2021","3,773.86","3,731.17","3,784.32","3,725.62","","1.61%"
"01/29/2021","3,714.24","3,778.05","3,778.05","3,694.12","","-1.93%"
"01/28/2021","3,787.38","3,755.75","3,830.50","3,755.75","","0.98%"
"01/27/2021","3,750.77","3,836.83","3,836.83","3,732.48","","-2.57%"
"01/26/2021","3,849.62","3,862.96","3,870.90","3,847.78","","-0.15%"
"01/25/2021","3,855.36","3,851.68","3,859.23","3,797.16","","0.36%"
"01/22/2021","3,841.47","3,844.24","3,852.31","3,830.41","","-0.30%"
"01/21/2021","3,853.07","3,857.46","3,861.45","3,845.05","","0.03%"
"01/20/2021","3,851.85","3,816.22","3,859.75","3,816.22","","1.39%"
"01/19/2021","3,798.91","3,781.88","3,804.53","3,780.37","","0.81%"
"01/15/2021","3,768.25","3,788.73","3,788.73","3,749.62","","-0.72%"
"01/14/2021","3,795.54","3,814.98","3,823.60","3,792.86","","-0.38%"
"01/13/2021","3,809.84","3,802.23","3,820.96","3,791.50","","0.23%"
"01/12/2021","3,801.19","3,801.62","3,810.78","3,776.51","","0.04%"
"01/11/2021","3,799.61","3,803.14","3,817.86","3,789.02","","-0.66%"
"01/08/2021","3,824.68","3,815.05","3,826.69","3,783.60","","0.55%"
"01/07/2021","3,803.79","3,764.71","3,811.55","3,764.71","","1.48%"
"01/06/2021","3,748.14","3,712.20","3,783.04","3,705.34","","0.57%"
"01/05/2021","3,726.86","3,698.02","3,737.83","3,695.07","","0.71%"
"01/04/2021","3,700.65","3,764.61","3,769.99","3,662.71","","-1.48%"
"12/31/2020","3,756.07","3,733.27","3,760.20","3,726.88","","0.64%"
"12/30/2020","3,732.04","3,736.19","3,744.63","3,730.21","","0.13%"
"12/29/2020","3,727.04","3,750.01","3,756.12","3,723.31","","-0.22%"
"12/28/2020","3,735.36","3,723.03","3,740.51","3,723.03","","0.87%"
"12/24/2020","3,703.06","3,694.03","3,703.82","3,689.32","","0.35%"
"12/23/2020","3,690.01","3,693.42","3,711.24","3,689.28","","0.07%"
"12/22/2020","3,687.26","3,698.08","3,698.26","3,676.16","","-0.21%"
"12/21/2020","3,694.92","3,684.28","3,702.90","3,636.48","","-0.39%"
"12/18/2020","3,709.41","3,722.39","3,726.70","3,685.84","","-0.35%"
"12/17/2020","3,722.48","3,713.65","3,725.12","3,710.87","","0.58%"
"12/16/2020","3,701.17","3,696.25","3,711.27","3,688.57","","0.18%"
"12/15/2020","3,694.62","3,666.41","3,695.29","3,659.62","","1.29%"
"12/14/2020","3,647.49","3,675.27","3,697.61","3,645.84","","-0.44%"
"12/11/2020","3,663.46","3,656.08","3,665.91","3,633.40","","-0.13%"
"12/10/2020","3,668.10","3,659.13","3,678.49","3,645.18","","-0.13%"
"12/09/2020","3,672.82","3,705.98","3,712.39","3,660.54","","-0.79%"
"12/08/2020","3,702.25","3,683.05","3,708.45","3,678.83","","0.28%"
"12/07/2020","3,691.96","3,694.73","3,697.41","3,678.88","","-0.19%"
"12/04/2020","3,699.12","3,670.94","3,699.20","3,670.94","","0.88%"
"12/03/2020","3,666.72","3,668.28","3,682.73","3,657.17","","-0.06%"
"12/02/2020","3,669.01","3,653.78","3,670.96","3,644.84","","0.18%"
"12/01/2020","3,662.45","3,645.87","3,678.45","3,645.87","","1.13%"
"11/30/2020","3,621.63","3,634.18","3,634.18","3,594.39","","-0.46%"
"11/27/2020","3,638.35","3,638.55","3,644.31","3,629.33","","0.24%"
"11/25/2020","3,629.65","3,635.50","3,635.50","3,617.76","","-0.16%"
"11/24/2020","3,635.41","3,594.52","3,642.31","3,594.52","","1.62%"
"11/23/2020","3,577.59","3,566.82","3,589.81","3,552.77","","0.56%"
"11/20/2020","3,557.54","3,579.31","3,581.23","3,556.85","","-0.68%"
"11/19/2020","3,581.87","3,559.41","3,585.22","3,543.84","","0.39%"
"11/18/2020","3,567.79","3,612.09","3,619.09","3,567.33","","-1.16%"
"11/17/2020","3,609.53","3,610.31","3,623.11","3,588.68","","-0.48%"
"11/16/2020","3,626.91","3,600.16","3,628.51","3,600.16","","1.16%"
"11/13/2020","3,585.15","3,552.57","3,593.66","3,552.57","","1.36%"
"11/12/2020","3,537.01","3,562.67","3,569.02","3,518.58","","-1.00%"
"11/11/2020","3,572.66","3,563.22","3,581.16","3,557.00","","0.77%"
"11/10/2020","3,545.53","3,543.26","3,557.22","3,511.91","","-0.14%"
"11/09/2020","3,550.50","3,583.04","3,645.99","3,547.48","","1.17%"
"11/06/2020","3,509.44","3,508.34","3,521.58","3,484.34","","-0.03%"
"11/05/2020","3,510.45","3,485.74","3,529.05","3,485.74","","1.95%"
"11/04/2020","3,443.44","3,406.46","3,486.25","3,405.17","","2.20%"
"11/03/2020","3,369.16","3,336.25","3,389.49","3,336.25","","1.78%"
"11/02/2020","3,310.24","3,296.20","3,330.14","3,279.74","","1.23%"
"10/30/2020","3,269.96","3,293.59","3,304.93","3,233.94","","-1.21%"
"10/29/2020","3,310.11","3,277.17","3,341.05","3,259.82","","1.19%"
"10/28/2020","3,271.03","3,342.48","3,342.48","3,268.89","","-3.53%"
"10/27/2020","3,390.68","3,403.15","3,409.51","3,388.71","","-0.30%"
"10/26/2020","3,400.97","3,441.42","3,441.42","3,364.86","","-1.86%"
"10/23/2020","3,465.39","3,464.90","3,466.46","3,440.45","","0.34%"
"10/22/2020","3,453.49","3,438.50","3,460.53","3,415.34","","0.52%"
"10/21/2020","3,435.56","3,439.91","3,464.86","3,433.06","","-0.22%"
"10/20/2020","3,443.12","3,439.38","3,476.93","3,435.65","","0.47%"
"10/19/2020","3,426.92","3,493.66","3,502.42","3,419.93","","-1.63%"
"10/16/2020","3,483.81","3,493.50","3,515.76","3,480.45","","0.01%"
"10/15/2020","3,483.34","3,453.72","3,489.08","3,440.89","","-0.15%"
"10/14/2020","3,488.67","3,515.47","3,527.94","3,480.55","","-0.66%"
"10/13/2020","3,511.93","3,534.01","3,534.01","3,500.86","","-0.63%"
"10/12/2020","3,534.22","3,500.02","3,549.85","3,499.61","","1.64%"
"10/09/2020","3,477.13","3,459.67","3,482.34","3,458.07","","0.88%"
"10/08/2020","3,446.83","3,434.28","3,447.28","3,428.15","","0.80%"
"10/07/2020","3,419.45","3,384.56","3,426.26","3,384.56","","1.74%"
"10/06/2020","3,360.95","3,408.74","3,431.56","3,354.54","","-1.40%"
"10/05/2020","3,408.63","3,367.27","3,409.57","3,367.27","","1.80%"
"10/02/2020","3,348.44","3,338.94","3,369.10","3,323.69","","-0.96%"
"10/01/2020","3,380.80","3,385.87","3,397.18","3,361.39","","0.53%"