Date,Price,Open,High,Low,daily_percent_change,daily_diff,high_minus_low,gain
10/28/2022,3901.06,3808.2599999999998,3905.42,3808.2599999999998,2.4368084111904174,92.80000000000018,97.16000000000031,TRUE
10/27/2022,3807.3,3834.69,3859.9500000000003,3803.79,-0.7142689500324635,-27.389999999999873,56.16000000000031,FALSE
10/26/2022,3830.6,3825.9700000000003,3886.15,3824.07,0.12101506284679844,4.629999999999654,62.07999999999993,TRUE
10/25/2022,3859.11,3799.44,3862.8500000000004,3799.44,1.570494599204095,59.67000000000007,63.41000000000031,TRUE
10/24/2022,3797.34,3762.01,3810.74,3741.65,0.9391256269919518,35.32999999999993,69.08999999999969,TRUE
10/21/2022,3752.75,3657.1,3757.8900000000003,3647.42,2.615460337425832,95.65000000000009,110.47000000000025,TRUE
10/20/2022,3665.7799999999997,3689.05,3736,3656.44,-0.6307857036364494,-23.270000000000437,79.55999999999995,FALSE
10/19/2022,3695.16,3703.11,3728.58,3666.51,-0.21468441391155738,-7.950000000000273,62.06999999999971,FALSE
10/18/2022,3719.98,3746.2599999999998,3762.79,3686.53,-0.7014996289632793,-26.279999999999745,76.25999999999976,FALSE
10/17/2022,3677.9500000000003,3638.65,3689.73,3638.65,1.0800709054182231,39.30000000000018,51.07999999999993,TRUE
10/14/2022,3583.07,3690.4100000000003,3712,3579.68,-2.90861990944096,-107.34000000000015,132.32000000000016,FALSE
10/13/2022,3669.9100000000003,3520.3700000000003,3685.4100000000003,3491.58,4.247848947695838,149.53999999999996,193.83000000000038,TRUE
10/12/2022,3577.03,3590.8300000000004,3608.34,3573.86,-0.38431226206754926,-13.800000000000182,34.48000000000002,FALSE
10/11/2022,3588.84,3595.86,3640.66,3568.4500000000003,-0.19522450818441156,-7.019999999999982,72.20999999999958,FALSE
10/10/2022,3612.3900000000003,3647.51,3652.17,3588.1,-0.9628486282422773,-35.11999999999989,64.07000000000016,FALSE
10/07/2022,3639.66,3706.74,3706.74,3620.73,-1.8096764272649262,-67.07999999999993,86.00999999999976,FALSE
10/06/2022,3744.52,3771.9700000000003,3797.9300000000003,3739.22,-0.727736434807283,-27.450000000000273,58.71000000000049,FALSE
10/05/2022,3783.2799999999997,3753.25,3806.9100000000003,3722.66,0.8001065743022645,30.029999999999745,84.25000000000045,TRUE
10/04/2022,3790.9300000000003,3726.46,3791.92,3726.46,1.7300601643382798,64.47000000000025,65.46000000000004,TRUE
10/03/2022,3678.4300000000003,3609.7799999999997,3698.3500000000004,3604.9300000000003,1.9017779476865777,68.65000000000055,93.42000000000007,TRUE
09/30/2022,3585.62,3633.48,3671.44,3584.13,-1.3171945352664698,-47.86000000000013,87.30999999999995,FALSE
09/29/2022,3640.4700000000003,3687.01,3687.01,3610.4,-1.2622694269882633,-46.539999999999964,76.61000000000013,FALSE
09/28/2022,3719.04,3651.94,3736.74,3640.61,1.8373795845495793,67.09999999999991,96.12999999999965,TRUE
09/27/2022,3647.29,3686.44,3717.53,3623.29,-1.0620001953103833,-39.15000000000009,94.24000000000024,FALSE
09/26/2022,3655.04,3682.72,3715.67,3644.7599999999998,-0.751618369031581,-27.679999999999836,70.91000000000031,FALSE
09/23/2022,3693.23,3727.14,3727.14,3647.4700000000003,-0.9098128860198398,-33.909999999999854,79.66999999999962,FALSE
09/22/2022,3757.9900000000002,3782.36,3790.9,3749.4500000000003,-0.6443067291320733,-24.36999999999989,41.44999999999982,FALSE
09/21/2022,3789.9300000000003,3871.4,3907.07,3789.4900000000002,-2.104406674587999,-81.4699999999998,117.57999999999993,FALSE
09/20/2022,3855.9300000000003,3875.23,3876.01,3827.54,-0.4980349553445789,-19.299999999999727,48.470000000000255,FALSE
09/19/2022,3899.8900000000003,3849.9100000000003,3900.4500000000003,3838.5,1.298212165998686,49.98000000000002,61.95000000000027,TRUE
09/16/2022,3873.3300000000004,3880.9500000000003,3880.9500000000003,3837.08,-0.19634367873845038,-7.619999999999891,43.870000000000346,FALSE
09/15/2022,3901.3500000000004,3932.4100000000003,3959.14,3888.2799999999997,-0.7898464300517988,-31.059999999999945,70.86000000000013,FALSE
09/14/2022,3946.01,3940.73,3961.94,3912.18,0.13398532759159343,5.2800000000002,49.76000000000022,TRUE
09/13/2022,3932.69,4037.12,4037.12,3921.2799999999997,-2.5867450063411503,-104.42999999999984,115.84000000000015,FALSE
09/12/2022,4110.41,4083.67,4119.28,4083.67,0.6548031550051738,26.73999999999978,35.60999999999967,TRUE
09/09/2022,4067.36,4022.94,4076.8100000000004,4022.94,1.1041675988207647,44.42000000000007,53.870000000000346,TRUE
09/08/2022,4006.18,3959.94,4010.5,3944.8100000000004,1.1676944600170653,46.23999999999978,65.6899999999996,TRUE
09/07/2022,3979.8700000000003,3909.4300000000003,3987.8900000000003,3906.03,1.8017971929411718,70.44000000000005,81.86000000000013,TRUE
09/06/2022,3908.19,3930.8900000000003,3942.55,3886.75,-0.5774773651768498,-22.700000000000273,55.80000000000018,FALSE
09/02/2022,3924.2599999999998,3994.66,4018.4300000000003,3906.21,-1.762352740909116,-70.40000000000009,112.22000000000025,FALSE
09/01/2022,3966.8500000000004,3936.73,3970.23,3903.65,0.7651020008992322,30.120000000000346,66.57999999999993,TRUE
08/31/2022,3955,4000.67,4015.3700000000003,3954.53,-1.1415587889028607,-45.67000000000007,60.840000000000146,FALSE
08/30/2022,3986.16,4041.25,4044.98,3965.21,-1.3631920816579066,-55.090000000000146,79.76999999999998,FALSE
08/29/2022,4030.61,4034.58,4062.9900000000002,4017.42,-0.09839933772535928,-3.9699999999998,45.570000000000164,FALSE
08/26/2022,4057.66,4198.74,4203.04,4057.66,-3.360055635738339,-141.07999999999993,145.3800000000001,FALSE
08/25/2022,4199.120000000001,4153.26,4200.54,4147.59,1.1041928509171248,45.86000000000058,52.94999999999982,TRUE
08/24/2022,4140.7699999999995,4126.55,4156.56,4119.969999999999,0.3445977874980152,14.219999999999345,36.590000000001055,TRUE
08/23/2022,4128.73,4133.09,4159.7699999999995,4124.03,-0.10549008127092761,-4.360000000000582,35.73999999999978,FALSE
08/22/2022,4137.99,4195.08,4195.08,4129.860000000001,-1.3608798878686497,-57.090000000000146,65.21999999999935,FALSE
08/19/2022,4228.48,4266.31,4266.31,4218.7,-0.8867147488110529,-37.83000000000084,47.61000000000058,FALSE
08/18/2022,4283.74,4273.13,4292.53,4261.98,0.24829574574140437,10.609999999999673,30.550000000000182,TRUE
08/17/2022,4274.04,4280.4,4302.18,4253.08,-0.14858424446312665,-6.359999999999673,49.100000000000364,FALSE
08/16/2022,4305.2,4290.46,4325.28,4277.7699999999995,0.3435529057490288,14.739999999999782,47.51000000000022,TRUE
08/15/2022,4297.14,4269.37,4301.79,4256.9,0.6504472556841042,27.770000000000437,44.89000000000033,TRUE
08/12/2022,4280.1500000000005,4225.02,4280.469999999999,4219.78,1.3048458942206214,55.13000000000011,60.6899999999996,TRUE
08/11/2022,4207.2699999999995,4227.4,4257.91,4201.41,-0.4761792118086794,-20.13000000000011,56.5,FALSE
08/10/2022,4210.24,4181.02,4211.03,4177.26,0.6988725239295517,29.219999999999345,33.76999999999953,TRUE
08/09/2022,4122.469999999999,4133.110000000001,4137.3,4112.09,-0.2574332645393235,-10.640000000001237,25.210000000000036,FALSE
08/08/2022,4140.06,4155.929999999999,4186.620000000001,4128.969999999999,-0.38186398712199154,-15.869999999998981,57.650000000001455,FALSE
08/05/2022,4145.1900000000005,4115.87,4151.58,4107.31,0.7123645790562049,29.32000000000062,44.26999999999953,TRUE
08/04/2022,4151.94,4154.85,4161.29,4135.42,-0.07003862955343186,-2.910000000000764,25.86999999999989,FALSE
08/03/2022,4155.17,4107.96,4167.660000000001,4107.96,1.149232222319595,47.210000000000036,59.70000000000073,TRUE
08/02/2022,4091.19,4104.21,4140.469999999999,4079.8100000000004,-0.31723522919148833,-13.019999999999982,60.659999999998945,FALSE
08/01/2022,4118.63,4112.38,4144.95,4096.02,0.1519801185688093,6.25,48.92999999999938,TRUE
07/29/2022,4130.29,4087.3300000000004,4140.1500000000005,4079.22,1.051052887826517,42.95999999999958,60.930000000000746,TRUE
07/28/2022,4072.4300000000003,4026.13,4078.9500000000003,3992.9700000000003,1.149987705315034,46.30000000000018,85.98000000000002,TRUE
07/27/2022,4023.61,3951.4300000000003,4039.56,3951.4300000000003,1.826680467577556,72.17999999999984,88.12999999999965,TRUE
07/26/2022,3921.05,3953.22,3953.22,3910.74,-0.8137670051249265,-32.16999999999962,42.48000000000002,FALSE
07/25/2022,3966.84,3965.72,3975.3,3943.46,0.028242034233388783,1.1200000000003456,31.840000000000146,TRUE
07/22/2022,3961.63,3998.4300000000003,4012.44,3938.86,-0.920361241787406,-36.80000000000018,73.57999999999993,FALSE
07/21/2022,3998.9500000000003,3955.4700000000003,3999.29,3927.64,1.0992372587834067,43.48000000000002,71.65000000000009,TRUE
07/20/2022,3959.9,3935.32,3974.13,3922.03,0.6245997784170011,24.579999999999927,52.09999999999991,TRUE
07/19/2022,3936.69,3860.73,3939.8100000000004,3860.73,1.967503555027159,75.96000000000004,79.08000000000038,TRUE
07/18/2022,3830.8500000000004,3883.79,3902.44,3818.63,-1.3631015065181074,-52.9399999999996,83.80999999999995,FALSE
07/15/2022,3863.16,3818,3863.62,3817.18,1.1828182294394933,45.159999999999854,46.440000000000055,TRUE
07/14/2022,3790.38,3763.9900000000002,3796.4100000000003,3721.56,0.7011176969120501,26.389999999999873,74.85000000000036,TRUE
07/13/2022,3801.7799999999997,3779.67,3829.44,3759.07,0.5849717038789014,22.109999999999673,70.36999999999989,TRUE
07/12/2022,3818.8,3851.9500000000003,3873.4100000000003,3802.36,-0.8606030711717465,-33.15000000000009,71.05000000000018,FALSE
07/11/2022,3854.4300000000003,3880.94,3880.94,3847.22,-0.6830819337583103,-26.509999999999764,33.720000000000255,FALSE
07/08/2022,3899.38,3888.2599999999998,3918.5,3869.34,0.285989105666811,11.120000000000346,49.159999999999854,TRUE
07/07/2022,3902.62,3858.8500000000004,3910.63,3858.8500000000004,1.1342757557303218,43.76999999999953,51.779999999999745,TRUE
07/06/2022,3845.08,3831.98,3870.9100000000003,3809.3700000000003,0.34185982181535157,13.099999999999909,61.539999999999964,TRUE
07/05/2022,3831.3900000000003,3792.61,3832.19,3742.06,1.0225148380666664,38.7800000000002,90.13000000000011,TRUE
07/01/2022,3825.3300000000004,3781,3829.82,3752.1,1.1724411531341017,44.33000000000038,77.72000000000025,TRUE
06/30/2022,3785.38,3785.9900000000002,3818.9900000000002,3738.67,-0.016112034104689324,-0.6100000000001273,80.32000000000016,FALSE
06/29/2022,3818.8300000000004,3825.09,3836.5,3799.02,-0.16365627998294846,-6.2599999999997635,37.48000000000002,FALSE
06/28/2022,3821.55,3913,3945.86,3820.14,-2.33708152312803,-91.44999999999982,125.72000000000025,FALSE
06/27/2022,3900.11,3920.7599999999998,3927.72,3889.66,-0.5266836021587559,-20.649999999999636,38.059999999999945,FALSE
06/24/2022,3911.74,3821.75,3913.65,3821.75,2.354680447438995,89.98999999999978,91.90000000000009,TRUE
06/23/2022,3795.73,3774.71,3802.58,3743.52,0.5568639710070438,21.019999999999982,59.059999999999945,TRUE
06/22/2022,3759.8900000000003,3733.8900000000003,3801.79,3717.69,0.6963247444354279,26,84.09999999999991,TRUE
06/21/2022,3764.79,3715.3100000000004,3779.65,3715.3100000000004,1.3317865803930105,49.47999999999956,64.33999999999969,TRUE
06/17/2022,3674.84,3665.9,3707.71,3636.8700000000003,0.24386917264519092,8.940000000000055,70.83999999999969,TRUE
06/16/2022,3666.77,3728.18,3728.18,3639.77,-1.6471844170614043,-61.409999999999854,88.40999999999985,FALSE
06/15/2022,3789.9900000000002,3764.05,3837.56,3722.3,0.6891513130803271,25.940000000000055,115.25999999999976,TRUE
06/14/2022,3735.48,3763.52,3778.18,3705.68,-0.7450471898648064,-28.039999999999964,72.5,FALSE
06/13/2022,3749.63,3838.15,3838.15,3734.3,-2.3063194507770666,-88.51999999999998,103.84999999999991,FALSE
06/10/2022,3900.86,3974.3900000000003,3974.3900000000003,3900.16,-1.8500952347404305,-73.5300000000002,74.23000000000047,FALSE
06/09/2022,4017.82,4101.6500000000005,4119.1,4017.17,-2.043811636780329,-83.83000000000038,101.93000000000029,FALSE
06/08/2022,4115.7699999999995,4147.120000000001,4160.14,4107.2,-0.7559462952603558,-31.350000000001273,52.94000000000051,FALSE
06/07/2022,4160.68,4096.469999999999,4164.860000000001,4080.19,1.5674470946937475,64.21000000000095,84.67000000000053,TRUE
06/06/2022,4121.429999999999,4134.72,4168.78,4109.18,-0.3214244253540958,-13.290000000000873,59.599999999999454,FALSE
06/03/2022,4108.54,4137.57,4142.67,4098.67,-0.7016195496390333,-29.029999999999745,44,FALSE
06/02/2022,4176.820000000001,4095.4100000000003,4177.51,4074.3700000000003,1.987835161803099,81.41000000000031,103.13999999999987,TRUE
06/01/2022,4101.23,4149.78,4166.54,4073.8500000000004,-1.1699415390695456,-48.55000000000018,92.6899999999996,FALSE
05/31/2022,4132.1500000000005,4151.09,4168.34,4104.88,-0.4562657037067276,-18.9399999999996,63.460000000000036,FALSE
05/27/2022,4158.24,4077.4300000000003,4158.49,4077.4300000000003,1.9818856485580252,80.80999999999949,81.05999999999949,TRUE
05/26/2022,4057.84,3984.6,4075.14,3984.6,1.838076594890334,73.24000000000024,90.53999999999996,TRUE
05/25/2022,3978.73,3929.59,3999.3300000000004,3925.03,1.2505121399433496,49.13999999999987,74.30000000000018,TRUE
05/24/2022,3941.48,3942.94,3955.68,3875.13,-0.037028207378251674,-1.4600000000000364,80.54999999999973,FALSE
05/23/2022,3973.75,3919.42,3981.88,3909.04,1.3861744850003297,54.32999999999993,72.84000000000015,TRUE
05/20/2022,3901.36,3927.7599999999998,3943.42,3810.32,-0.6721388272195765,-26.399999999999636,133.0999999999999,FALSE
05/19/2022,3900.79,3899,3945.96,3876.58,0.04590920748909884,1.7899999999999636,69.38000000000011,TRUE
05/18/2022,3923.68,4051.98,4051.98,3911.9100000000003,-3.1663532396507432,-128.30000000000018,140.0699999999997,FALSE
05/17/2022,4088.8500000000004,4052,4090.72,4033.9300000000003,0.9094274432379161,36.850000000000364,56.78999999999951,TRUE
05/16/2022,4008.01,4013.02,4046.46,3983.9900000000002,-0.12484363397141712,-5.0099999999997635,62.4699999999998,FALSE
05/13/2022,4023.8900000000003,3963.9,4038.88,3963.9,1.513408511819174,59.99000000000024,74.98000000000002,TRUE
05/12/2022,3930.08,3903.9500000000003,3964.8,3858.8700000000003,0.6693220968506167,26.129999999999654,105.92999999999984,TRUE
05/11/2022,3935.18,3990.08,4049.09,3928.82,-1.3759122624107811,-54.90000000000009,120.26999999999998,FALSE
05/10/2022,4001.05,4035.18,4068.82,3958.17,-0.8458110914506826,-34.129999999999654,110.65000000000009,FALSE
05/09/2022,3991.24,4081.27,4081.27,3975.48,-2.2059309969690855,-90.0300000000002,105.78999999999996,FALSE
05/06/2022,4123.34,4128.17,4157.6900000000005,4067.9100000000003,-0.1170009955985322,-4.829999999999927,89.7800000000002,FALSE
05/05/2022,4152.38,4255.5,4256.39,4105.51,-2.423217013276933,-103.11999999999989,150.8800000000001,FALSE
05/04/2022,4300.17,4181.18,4307.660000000001,4148.91,2.8458473445295294,118.98999999999978,158.7500000000009,TRUE
05/03/2022,4175.48,4159.78,4200.1,4147.08,0.37742380606666265,15.699999999999818,53.02000000000044,TRUE
05/02/2022,4155.38,4130.610000000001,4169.81,4062.51,0.5996692982392315,24.769999999999527,107.30000000000018,TRUE
04/29/2022,4131.929999999999,4253.75,4269.68,4124.28,-2.8638260358507344,-121.82000000000062,145.40000000000055,FALSE
04/28/2022,4287.5,4222.58,4308.45,4188.63,1.5374486688233278,64.92000000000007,119.81999999999971,TRUE
04/27/2022,4183.96,4186.52,4240.71,4162.9,-0.06114863896506884,-2.5600000000004,77.8100000000004,FALSE
04/26/2022,4175.2,4278.14,4278.14,4175.04,-2.4061858658202047,-102.94000000000051,103.10000000000036,FALSE
04/25/2022,4296.120000000001,4255.34,4299.02,4200.820000000001,0.9583253042060248,40.780000000000655,98.19999999999982,TRUE
04/22/2022,4271.78,4385.83,4385.83,4267.620000000001,-2.6004199889188633,-114.05000000000018,118.20999999999913,FALSE
04/21/2022,4393.660000000001,4489.17,4512.94,4384.469999999999,-2.127564783690511,-95.50999999999931,128.47000000000025,FALSE
04/20/2022,4459.45,4472.26,4488.29,4448.76,-0.28643236305582415,-12.8100000000004,39.529999999999745,FALSE
04/19/2022,4462.21,4390.63,4471.03,4390.63,1.6302899583886576,71.57999999999993,80.39999999999964,TRUE
04/18/2022,4391.6900000000005,4385.63,4410.31,4370.3,0.13817855131418746,6.0600000000004,40.01000000000022,TRUE
04/14/2022,4392.59,4449.120000000001,4460.46,4390.7699999999995,-1.270588341065214,-56.530000000000655,69.69000000000051,FALSE
04/13/2022,4446.59,4394.3,4453.92,4392.7,1.1899506178458448,52.289999999999964,61.220000000000255,TRUE
04/12/2022,4397.45,4437.59,4471,4381.34,-0.9045450345795877,-40.14000000000033,89.65999999999985,FALSE
04/11/2022,4412.53,4462.64,4464.35,4408.38,-1.1228779377229752,-50.11000000000058,55.970000000000255,FALSE
04/08/2022,4488.28,4494.1500000000005,4520.41,4474.6,-0.13061424296031063,-5.8700000000008,45.80999999999949,FALSE
04/07/2022,4500.21,4474.6500000000005,4521.160000000001,4450.3,0.5712178606147853,25.55999999999949,70.86000000000058,TRUE
04/06/2022,4481.1500000000005,4494.17,4503.94,4450.04,-0.2897086670063555,-13.019999999999527,53.899999999999636,FALSE
04/05/2022,4525.120000000001,4572.45,4593.45,4514.17,-1.0351124670581202,-47.32999999999902,79.27999999999975,FALSE
04/04/2022,4582.64,4547.969999999999,4583.5,4539.21,0.7623181331451392,34.67000000000098,44.289999999999964,TRUE
04/01/2022,4545.860000000001,4540.320000000001,4548.7,4507.57,0.12201783134228343,5.539999999999964,41.13000000000011,TRUE
03/31/2022,4530.41,4599.02,4603.07,4530.41,-1.491839565820557,-68.61000000000058,72.65999999999985,FALSE
03/30/2022,4602.45,4624.2,4627.7699999999995,4581.320000000001,-0.47035162838977557,-21.75,46.44999999999891,FALSE
03/29/2022,4631.6,4602.860000000001,4637.3,4589.660000000001,0.6243943982654215,28.73999999999978,47.63999999999942,TRUE
03/28/2022,4575.52,4541.09,4575.6500000000005,4517.6900000000005,0.7581880121292529,34.43000000000029,57.960000000000036,TRUE
03/25/2022,4543.04,4522.91,4546.03,4501.07,0.445067445516274,20.13000000000011,44.960000000000036,TRUE
03/24/2022,4520.160000000001,4469.98,4520.58,4465.17,1.1226001011190476,50.1800000000012,55.409999999999854,TRUE
03/23/2022,4456.23,4493.1,4501.07,4455.81,-0.8205915737464289,-36.8700000000008,45.25999999999931,FALSE
03/22/2022,4511.610000000001,4469.1,4522,4469.1,0.9511982278311117,42.51000000000022,52.899999999999636,TRUE
03/21/2022,4461.18,4462.4,4481.75,4424.3,-0.02733954822515564,-1.2199999999993452,57.44999999999982,FALSE
03/18/2022,4463.09,4407.34,4465.4,4390.57,1.2649353124560392,55.75,74.82999999999993,TRUE
03/17/2022,4411.67,4345.110000000001,4412.67,4335.6500000000005,1.531836938535491,66.55999999999949,77.01999999999953,TRUE
03/16/2022,4357.95,4288.14,4358.9,4251.99,1.627978564132689,69.80999999999949,106.90999999999985,TRUE
03/15/2022,4262.45,4188.820000000001,4271.05,4187.9,1.757774265783662,73.6299999999992,83.15000000000055,TRUE
03/14/2022,4173.110000000001,4202.75,4247.57,4161.72,-0.7052525132353678,-29.639999999999418,85.84999999999945,FALSE
03/11/2022,4204.31,4279.5,4291.01,4200.49,-1.7569809557191167,-75.1899999999996,90.52000000000044,FALSE
03/10/2022,4259.52,4252.55,4268.28,4209.8,0.16390165900460324,6.970000000000255,58.47999999999956,TRUE
03/09/2022,4277.88,4223.1,4299.4,4223.1,1.2971513816864326,54.779999999999745,76.29999999999927,TRUE
03/08/2022,4170.620000000001,4202.660000000001,4276.94,4157.87,-0.7623743057968039,-32.039999999999964,119.06999999999971,FALSE
03/07/2022,4201.09,4327.01,4327.01,4199.85,-2.9100926505831985,-125.92000000000007,127.15999999999985,FALSE
03/04/2022,4328.87,4342.120000000001,4342.120000000001,4284.98,-0.30515047948930263,-13.25000000000091,57.14000000000124,FALSE
03/03/2022,4363.49,4401.31,4416.78,4350.37,-0.8592896205902473,-37.82000000000062,66.40999999999985,FALSE
03/02/2022,4386.54,4322.56,4401.48,4322.56,1.4801413976902473,63.97999999999956,78.91999999999916,TRUE
03/01/2022,4306.26,4363.14,4378.45,4279.54,-1.303648289992989,-56.88000000000011,98.90999999999985,FALSE
02/28/2022,4373.79,4354.17,4388.84,4315.120000000001,0.45060252585452315,19.61999999999989,73.71999999999935,TRUE
02/25/2022,4384.620000000001,4298.38,4385.34,4286.83,2.0063372712510454,86.24000000000069,98.51000000000022,TRUE
02/24/2022,4288.7,4155.7699999999995,4294.73,4114.6500000000005,3.1986852015390728,132.9300000000003,180.07999999999902,TRUE
02/23/2022,4225.5,4324.929999999999,4341.51,4221.51,-2.298996746768142,-99.42999999999938,120,FALSE
02/22/2022,4304.74,4332.74,4362.120000000001,4267.110000000001,-0.6462423316423326,-28,95.01000000000022,FALSE
02/18/2022,4348.87,4384.57,4394.6,4327.22,-0.8142189541961884,-35.69999999999982,67.38000000000011,FALSE
02/17/2022,4380.26,4456.06,4456.06,4373.81,-1.701054294601064,-75.80000000000018,82.25,FALSE
02/16/2022,4475.01,4455.75,4489.55,4429.68,0.43225046288504104,19.26000000000022,59.86999999999989,TRUE
02/15/2022,4471.07,4429.28,4472.7699999999995,4429.28,0.943494202217967,41.789999999999964,43.48999999999978,TRUE
02/14/2022,4401.67,4412.610000000001,4426.22,4364.84,-0.24792583074417424,-10.94000000000051,61.38000000000011,FALSE
02/11/2022,4418.64,4506.2699999999995,4526.33,4401.41,-1.9446238241383498,-87.6299999999992,124.92000000000007,FALSE
02/10/2022,4504.06,4553.24,4588.92,4484.31,-1.0801099876132025,-49.17999999999938,104.60999999999967,FALSE
02/09/2022,4587.18,4547,4590.03,4547,0.883659555751051,40.18000000000029,43.029999999999745,TRUE
02/08/2022,4521.54,4480.02,4531.320000000001,4465.4,0.9267815768679497,41.51999999999953,65.92000000000098,TRUE
02/07/2022,4483.87,4505.75,4521.860000000001,4471.469999999999,-0.4856017311213474,-21.88000000000011,50.39000000000124,FALSE
02/04/2022,4500.54,4482.79,4539.660000000001,4451.5,0.3959587667501712,17.75,88.16000000000076,TRUE
02/03/2022,4477.44,4535.41,4542.88,4470.39,-1.2781644878853347,-57.970000000000255,72.48999999999978,FALSE
02/02/2022,4589.320000000001,4566.39,4595.31,4544.320000000001,0.5021472103784453,22.93000000000029,50.98999999999978,TRUE
02/01/2022,4546.54,4519.57,4550.49,4483.53,0.5967381852698432,26.970000000000255,66.96000000000004,TRUE
01/31/2022,4515.55,4431.79,4516.89,4414.02,1.8899812491115375,83.76000000000022,102.86999999999989,TRUE
01/28/2022,4431.85,4336.1900000000005,4432.72,4292.46,2.2060841429918856,95.65999999999985,140.26000000000022,TRUE
01/27/2022,4326.5,4380.58,4428.74,4309.5,-1.2345397184847653,-54.07999999999993,119.23999999999978,FALSE
01/26/2022,4349.929999999999,4408.429999999999,4453.23,4304.8,-1.327003037362508,-58.5,148.42999999999938,FALSE
01/25/2022,4356.45,4366.64,4411.01,4287.110000000001,-0.23336020372644659,-10.19000000000051,123.89999999999964,FALSE
01/24/2022,4410.13,4356.320000000001,4417.35,4222.620000000001,1.2352168803026289,53.80999999999949,194.72999999999956,TRUE
01/21/2022,4397.929999999999,4471.38,4494.52,4395.34,-1.6426696008838597,-73.45000000000073,99.18000000000029,FALSE
01/20/2022,4482.73,4547.35,4602.110000000001,4477.95,-1.4210474232245327,-64.6200000000008,124.16000000000076,FALSE
01/19/2022,4532.76,4588.03,4611.55,4530.2,-1.204656464757195,-55.26999999999953,81.35000000000036,FALSE
01/18/2022,4577.34,4632.24,4632.24,4568.7,-1.1851717527589167,-54.899999999999636,63.539999999999964,FALSE
01/14/2022,4662.85,4637.99,4665.13,4614.75,0.5360080552135856,24.860000000000582,50.38000000000011,TRUE
01/13/2022,4659.02,4733.56,4744.13,4650.29,-1.5747133235873203,-74.53999999999996,93.84000000000015,FALSE
01/12/2022,4726.35,4728.59,4748.83,4706.71,-0.04737141515757935,-2.2399999999997817,42.11999999999989,FALSE
01/11/2022,4713.07,4669.14,4714.13,4638.2699999999995,0.9408584878585644,43.92999999999938,75.86000000000058,TRUE
01/10/2022,4670.29,4655.34,4673.02,4582.24,0.3211365872310039,14.949999999999818,90.78000000000065,TRUE
01/07/2022,4677.02,4697.660000000001,4707.95,4662.74,-0.43936768518795155,-20.640000000000327,45.210000000000036,FALSE
01/06/2022,4696.05,4693.39,4725.01,4671.26,0.05667545207195342,2.6599999999998545,53.75,TRUE
01/05/2022,4700.58,4787.99,4797.7,4699.44,-1.8256094937541612,-87.40999999999985,98.26000000000022,FALSE
01/04/2022,4793.54,4804.51,4818.620000000001,4774.2699999999995,-0.22832713429673895,-10.970000000000255,44.35000000000127,FALSE
01/03/2022,4796.56,4778.14,4796.64,4758.17,0.38550565701298145,18.420000000000073,38.470000000000255,TRUE
12/31/2021,4766.18,4775.21,4786.83,4765.75,-0.1891016311324475,-9.029999999999745,21.079999999999927,FALSE
12/30/2021,4778.73,4794.23,4808.929999999999,4775.33,-0.3233053065872935,-15.5,33.599999999999454,FALSE
12/29/2021,4793.06,4788.64,4804.06,4778.08,0.09230178088142087,4.420000000000073,25.980000000000473,TRUE
12/28/2021,4786.360000000001,4795.49,4807.02,4780.04,-0.19038721799021996,-9.1299999999992,26.980000000000473,FALSE
12/27/2021,4791.1900000000005,4733.99,4791.49,4733.99,1.2082830762211312,57.20000000000073,57.5,TRUE
12/23/2021,4725.78,4703.96,4740.74,4703.96,0.4638644886436047,21.81999999999971,36.779999999999745,TRUE
12/22/2021,4696.56,4650.360000000001,4697.67,4645.53,0.9934714731762662,46.19999999999982,52.14000000000033,TRUE
12/21/2021,4649.23,4594.96,4651.14,4583.160000000001,1.1810766579034317,54.26999999999953,67.97999999999956,TRUE
12/20/2021,4568.02,4587.9,4587.9,4531.1,-0.4333137165151638,-19.8799999999992,56.79999999999927,FALSE
12/17/2021,4620.64,4652.5,4666.7,4600.22,-0.6847931219774245,-31.859999999999673,66.47999999999956,FALSE
12/16/2021,4668.67,4719.13,4731.99,4651.89,-1.0692648856886764,-50.460000000000036,80.09999999999945,FALSE
12/15/2021,4709.84,4636.46,4712.6,4611.22,1.5826729875810446,73.38000000000011,101.38000000000011,TRUE
12/14/2021,4634.09,4642.99,4660.469999999999,4606.52,-0.19168682250014835,-8.899999999999636,53.94999999999891,FALSE
12/13/2021,4669.1500000000005,4710.3,4710.3,4667.6,-0.8736173916735587,-41.149999999999636,42.69999999999982,FALSE
12/10/2021,4712.02,4687.64,4713.57,4670.24,0.520091133278155,24.38000000000011,43.32999999999993,TRUE
12/09/2021,4667.45,4691,4695.26,4665.98,-0.5020251545512723,-23.550000000000182,29.280000000000655,FALSE
12/08/2021,4701.21,4690.860000000001,4705.06,4674.52,0.22064184392626196,10.349999999999454,30.539999999999964,TRUE
12/07/2021,4686.75,4631.969999999999,4694.04,4631.969999999999,1.1826501466978556,54.780000000000655,62.07000000000062,TRUE
12/06/2021,4591.67,4548.37,4612.6,4540.51,0.9519893940026907,43.30000000000018,72.09000000000015,TRUE
12/03/2021,4538.429999999999,4589.49,4608.03,4495.120000000001,-1.1125419164220949,-51.0600000000004,112.90999999999894,FALSE
12/02/2021,4577.1,4504.73,4595.46,4504.73,1.6065335769291569,72.3700000000008,90.73000000000047,TRUE
12/01/2021,4513.04,4602.820000000001,4652.94,4510.2699999999995,-1.9505433625473216,-89.78000000000065,142.67000000000007,FALSE
11/30/2021,4567,4640.25,4646.02,4560,-1.5785787403695923,-73.25,86.02000000000044,FALSE
11/29/2021,4655.2699999999995,4628.75,4672.95,4625.26,0.5729408587631548,26.519999999999527,47.6899999999996,TRUE
11/26/2021,4594.620000000001,4664.63,4664.63,4585.429999999999,-1.5008693079622457,-70.00999999999931,79.20000000000073,FALSE
11/24/2021,4701.46,4675.78,4702.87,4659.89,0.5492131794053675,25.68000000000029,42.97999999999956,TRUE
11/23/2021,4690.7,4678.48,4699.39,4652.660000000001,0.2611959439818115,12.220000000000255,46.72999999999956,TRUE
11/22/2021,4682.95,4712,4743.83,4682.17,-0.6165110356536542,-29.050000000000182,61.659999999999854,FALSE
11/19/2021,4697.96,4708.44,4717.75,4694.22,-0.22257902829811074,-10.479999999999563,23.529999999999745,FALSE
11/18/2021,4706.64,4700.72,4708.75,4672.78,0.1259381541551097,5.920000000000073,35.970000000000255,TRUE
11/17/2021,4688.67,4701.5,4701.5,4684.41,-0.27289163033074393,-12.829999999999927,17.090000000000146,FALSE
11/16/2021,4700.9,4679.42,4714.95,4679.42,0.45903124746228297,21.479999999999563,35.529999999999745,TRUE
11/15/2021,4682.81,4689.3,4697.42,4672.860000000001,-0.13840018766126674,-6.489999999999782,24.55999999999949,FALSE
11/12/2021,4682.85,4655.24,4688.469999999999,4650.7699999999995,0.5930950928416276,27.610000000000582,37.69999999999982,TRUE
11/11/2021,4649.2699999999995,4659.39,4664.55,4648.31,-0.21719581318586337,-10.1200000000008,16.23999999999978,FALSE
11/10/2021,4646.71,4670.26,4684.85,4630.860000000001,-0.5042545811154021,-23.550000000000182,53.98999999999978,FALSE
11/09/2021,4685.25,4707.25,4708.53,4670.87,-0.467364172287429,-22,37.659999999999854,FALSE
11/08/2021,4701.7,4701.48,4714.92,4694.39,0.00467937755771065,0.22000000000025466,20.529999999999745,TRUE
11/05/2021,4697.53,4699.26,4718.5,4681.320000000001,-0.036814306933442134,-1.730000000000473,37.17999999999938,FALSE
11/04/2021,4680.06,4662.929999999999,4683,4662.59,0.36736558344219233,17.13000000000102,20.409999999999854,TRUE
11/03/2021,4660.57,4630.6500000000005,4663.46,4621.1900000000005,0.6461295930376764,29.919999999999163,42.26999999999953,TRUE
11/02/2021,4630.6500000000005,4613.34,4635.1500000000005,4613.34,0.37521622078581673,17.3100000000004,21.8100000000004,TRUE
11/01/2021,4613.67,4610.620000000001,4620.34,4595.06,0.06615162385968204,3.0499999999992724,25.279999999999745,TRUE
10/29/2021,4605.38,4572.87,4608.08,4567.59,0.7109320842271969,32.51000000000022,40.48999999999978,TRUE
10/28/2021,4596.42,4562.84,4597.55,4562.84,0.7359451569636438,33.57999999999993,34.710000000000036,TRUE
10/27/2021,4551.68,4580.22,4584.57,4551.660000000001,-0.6231141735549813,-28.539999999999964,32.909999999998945,FALSE
10/26/2021,4574.79,4578.6900000000005,4598.53,4569.17,-0.0851772013392596,-3.9000000000005457,29.359999999999673,FALSE
10/25/2021,4566.48,4553.6900000000005,4572.620000000001,4537.360000000001,0.28087111770891415,12.789999999999054,35.26000000000022,TRUE
10/22/2021,4544.9,4546.120000000001,4559.67,4524,-0.026836071199202043,-1.2200000000011642,35.67000000000007,FALSE
10/21/2021,4549.78,4532.24,4551.44,4526.89,0.3870051012302959,17.539999999999964,24.549999999999272,TRUE
10/20/2021,4536.1900000000005,4524.42,4540.87,4524.4,0.2601438416415902,11.770000000000437,16.470000000000255,TRUE
10/19/2021,4519.63,4497.34,4520.4,4496.41,0.4956263035483188,22.289999999999964,23.98999999999978,TRUE
10/18/2021,4486.48,4463.72,4488.75,4447.469999999999,0.5098886130850346,22.75999999999931,41.280000000000655,TRUE
10/15/2021,4471.37,4447.6900000000005,4475.820000000001,4447.6900000000005,0.5324112067162815,23.67999999999938,28.13000000000011,TRUE
10/14/2021,4438.23,4386.75,4439.73,4386.75,1.173533937425191,51.47999999999956,52.97999999999956,TRUE
10/13/2021,4363.8,4358.01,4372.87,4329.92,0.13285880482146584,5.789999999999964,42.94999999999982,TRUE
10/12/2021,4350.64,4368.31,4374.89,4342.09,-0.4045042590841783,-17.670000000000073,32.80000000000018,FALSE
10/11/2021,4361.1900000000005,4385.44,4415.88,4360.59,-0.5529661789922811,-24.24999999999909,55.289999999999964,FALSE
10/08/2021,4391.360000000001,4406.51,4412.02,4386.22,-0.34380950003516697,-15.149999999999636,25.800000000000182,FALSE
10/07/2021,4399.76,4383.73,4429.969999999999,4383.73,0.365670330973866,16.030000000000655,46.23999999999978,TRUE
10/06/2021,4363.55,4319.57,4365.57,4290.49,1.018156899876619,43.98000000000047,75.07999999999993,TRUE
10/05/2021,4345.72,4309.87,4369.23,4309.87,0.8318116323694302,35.850000000000364,59.35999999999967,TRUE
10/04/2021,4300.46,4348.84,4355.51,4278.94,-1.1124805695311877,-48.38000000000011,76.57000000000062,FALSE
10/01/2021,4357.05,4317.160000000001,4375.1900000000005,4288.52,0.9239870655708708,39.88999999999942,86.67000000000007,TRUE
09/30/2021,4307.54,4370.67,4382.55,4306.24,-1.444400972848559,-63.13000000000011,76.3100000000004,FALSE
09/29/2021,4359.46,4362.41,4385.57,4355.08,-0.067623171595513,-2.949999999999818,30.48999999999978,FALSE
09/28/2021,4352.63,4419.54,4419.54,4346.33,-1.5139584662657166,-66.90999999999985,73.21000000000004,FALSE
09/27/2021,4443.110000000001,4442.120000000001,4457.3,4436.1900000000005,0.022286655921041787,0.9899999999997817,21.109999999999673,TRUE
09/24/2021,4455.48,4438.04,4463.120000000001,4430.2699999999995,0.39296626438697263,17.4399999999996,32.85000000000127,TRUE
09/23/2021,4448.98,4406.75,4465.4,4406.75,0.9583026039598245,42.22999999999956,58.649999999999636,TRUE
09/22/2021,4395.64,4367.429999999999,4416.75,4367.429999999999,0.6459176220340326,28.210000000000946,49.32000000000062,TRUE
09/21/2021,4354.18,4374.45,4394.87,4347.96,-0.46337253826194214,-20.269999999999527,46.909999999999854,FALSE
09/20/2021,4357.73,4402.95,4402.95,4305.91,-1.027038689969231,-45.220000000000255,97.03999999999996,FALSE
09/17/2021,4432.99,4469.74,4471.52,4427.76,-0.8221954744571273,-36.75,43.76000000000022,FALSE
09/16/2021,4473.76,4477.09,4485.87,4443.8,-0.07437867007363995,-3.3299999999999272,42.06999999999971,FALSE
09/15/2021,4480.7,4447.49,4486.87,4438.37,0.7467133147011019,33.210000000000036,48.5,TRUE
09/14/2021,4443.05,4479.33,4485.68,4435.46,-0.8099425583736797,-36.279999999999745,50.220000000000255,FALSE
09/13/2021,4468.73,4474.81,4492.99,4445.7,-0.13587169064163254,-6.080000000000837,47.289999999999964,FALSE
09/10/2021,4458.58,4506.92,4520.469999999999,4457.660000000001,-1.0725728435383841,-48.340000000000146,62.80999999999858,FALSE
09/09/2021,4493.28,4513.02,4529.9,4492.07,-0.43740111942780424,-19.74000000000069,37.82999999999993,FALSE
09/08/2021,4514.07,4518.09,4521.79,4493.95,-0.08897565121545689,-4.020000000000437,27.840000000000146,FALSE
09/07/2021,4520.03,4535.38,4535.38,4513,-0.33845014089228165,-15.350000000000364,22.38000000000011,FALSE
09/03/2021,4535.429999999999,4532.42,4541.45,4521.3,0.06641043857363856,3.009999999999309,20.149999999999636,TRUE
09/02/2021,4536.95,4534.48,4545.85,4524.660000000001,0.05447151602830434,2.4700000000002547,21.1899999999996,TRUE
09/01/2021,4524.09,4528.8,4537.110000000001,4522.02,-0.10400105988341363,-4.710000000000036,15.090000000000146,FALSE
08/31/2021,4522.68,4529.75,4531.39,4515.8,-0.15607925382194843,-7.069999999999709,15.590000000000146,FALSE
08/30/2021,4528.79,4513.76,4537.360000000001,4513.76,0.3329818156038368,15.029999999999745,23.600000000000364,TRUE
08/27/2021,4509.37,4474.1,4513.33,4474.1,0.788314968373517,35.26999999999953,39.22999999999956,TRUE
08/26/2021,4469.91,4493.75,4495.9,4468.99,-0.5305146036161368,-23.840000000000146,26.909999999999854,FALSE
08/25/2021,4496.1900000000005,4490.45,4501.71,4485.660000000001,0.1278268325000989,5.740000000000691,16.049999999999272,TRUE
08/24/2021,4486.23,4484.4,4492.81,4482.28,0.04080813486753919,1.8299999999999272,10.530000000000655,TRUE
08/23/2021,4479.54,4450.29,4489.88,4450.29,0.6572605380772939,29.25,39.590000000000146,TRUE
08/20/2021,4441.67,4410.56,4444.35,4406.8,0.7053526082855617,31.109999999999673,37.55000000000018,TRUE
08/19/2021,4405.8,4382.44,4418.610000000001,4367.73,0.5330363906864802,23.360000000000582,50.88000000000102,TRUE
08/18/2021,4400.2699999999995,4440.94,4454.320000000001,4397.59,-0.915797106018097,-40.67000000000007,56.73000000000047,FALSE
08/17/2021,4448.08,4462.120000000001,4462.120000000001,4417.83,-0.31464864234939605,-14.040000000000873,44.29000000000087,FALSE
08/16/2021,4479.660000000001,4461.6500000000005,4480.26,4437.660000000001,0.4036623222350524,18.01000000000022,42.599999999999454,TRUE
08/13/2021,4468,4464.84,4468.37,4460.820000000001,0.07077521254960657,3.1599999999998545,7.549999999999272,TRUE
08/12/2021,4460.84,4446.08,4461.7699999999995,4435.96,0.3319778321577709,14.760000000000218,25.80999999999949,TRUE
08/11/2021,4447.7,4442.18,4449.44,4436.42,0.12426331215753361,5.519999999999527,13.019999999999527,TRUE
08/10/2021,4436.75,4435.79,4445.21,4430.03,0.021642142662299982,0.9600000000000364,15.180000000000291,TRUE
08/09/2021,4432.35,4437.7699999999995,4439.39,4424.74,-0.12213341385423679,-5.419999999999163,14.650000000000546,FALSE
08/06/2021,4436.52,4429.07,4440.820000000001,4429.07,0.16820686961372766,7.450000000000728,11.75000000000091,TRUE
08/05/2021,4429.1,4408.860000000001,4429.76,4408.860000000001,0.459075588700929,20.23999999999978,20.899999999999636,TRUE
08/04/2021,4402.68,4415.95,4416.17,4400.23,-0.3005015908241608,-13.269999999999527,15.94000000000051,FALSE
08/03/2021,4423.1500000000005,4392.74,4423.79,4373,0.6922786233649332,30.410000000000764,50.789999999999964,TRUE
08/02/2021,4387.110000000001,4406.860000000001,4422.18,4384.81,-0.44816490653208857,-19.75,37.36999999999989,FALSE
07/30/2021,4395.26,4395.120000000001,4412.25,4389.6500000000005,0.0031853510256697856,0.13999999999941792,22.599999999999454,TRUE
07/29/2021,4419.1500000000005,4403.59,4429.969999999999,4403.59,0.35334806373891303,15.5600000000004,26.3799999999992,TRUE
07/28/2021,4400.6500000000005,4402.95,4415.469999999999,4387.01,-0.05223770426644119,-2.2999999999992724,28.459999999999127,FALSE
07/27/2021,4401.46,4416.38,4416.38,4372.51,-0.3378332480447804,-14.920000000000073,43.86999999999989,FALSE
07/26/2021,4422.23,4409.58,4422.73,4405.45,0.28687539402844797,12.649999999999636,17.279999999999745,TRUE
07/23/2021,4411.8,4381.2,4415.18,4381.2,0.6984387838948317,30.600000000000364,33.98000000000047,TRUE
07/22/2021,4367.48,4361.2699999999995,4369.31,4350.06,0.1423897167568171,6.210000000000036,19.25,TRUE
07/21/2021,4358.6900000000005,4331.13,4359.7,4331.13,0.6363235460491927,27.5600000000004,28.56999999999971,TRUE
07/20/2021,4323.21,4265.110000000001,4336.84,4262.05,1.3622157459010307,58.099999999999454,74.78999999999996,TRUE
07/19/2021,4258.63,4296.4,4296.4,4233.13,-0.8791080904943565,-37.76999999999953,63.26999999999953,FALSE
07/16/2021,4327.160000000001,4367.429999999999,4375.09,4322.53,-0.9220525572246979,-40.26999999999862,52.5600000000004,FALSE
07/15/2021,4360.03,4369.02,4369.02,4340.7,-0.2057669683361644,-8.990000000000691,28.32000000000062,FALSE
07/14/2021,4374.3,4380.110000000001,4393.68,4362.360000000001,-0.13264507055759786,-5.8100000000004,31.31999999999971,FALSE
07/13/2021,4369.21,4381.07,4392.37,4366.92,-0.27071012332602934,-11.859999999999673,25.449999999999818,FALSE
07/12/2021,4384.63,4372.41,4386.68,4364.03,0.27947973771902124,12.220000000000255,22.650000000000546,TRUE
07/09/2021,4369.55,4329.38,4371.6,4329.38,0.9278464814823386,40.17000000000007,42.220000000000255,TRUE
07/08/2021,4320.820000000001,4321.07,4330.88,4289.37,-0.00578560402861075,-0.2499999999990905,41.51000000000022,FALSE
07/07/2021,4358.13,4351.01,4361.88,4329.79,0.16364016630621142,7.119999999999891,32.090000000000146,TRUE
07/06/2021,4343.54,4356.46,4356.46,4314.37,-0.2965710691708422,-12.920000000000073,42.090000000000146,FALSE
07/02/2021,4352.34,4326.6,4355.429999999999,4326.6,0.5949244210234312,25.73999999999978,28.829999999999018,TRUE
07/01/2021,4319.94,4300.73,4320.660000000001,4300.73,0.4466683563023031,19.210000000000036,19.9300000000012,TRUE
06/30/2021,4297.5,4290.6500000000005,4302.429999999999,4287.96,0.15964947035995602,6.849999999999454,14.469999999999345,TRUE
06/29/2021,4291.8,4293.21,4300.52,4287.04,-0.03284255836541549,-1.4099999999998545,13.480000000000473,FALSE
06/28/2021,4290.610000000001,4284.9,4292.14,4274.67,0.1332586524773261,5.710000000000946,17.470000000000255,TRUE
06/25/2021,4280.7,4274.45,4286.120000000001,4271.160000000001,0.1462176420358175,6.25,14.960000000000036,TRUE
06/24/2021,4266.49,4256.969999999999,4271.28,4256.969999999999,0.2236332414839766,9.520000000000437,14.3100000000004,TRUE
06/23/2021,4241.84,4249.2699999999995,4256.6,4241.429999999999,-0.17485356308258554,-7.4299999999993815,15.170000000000982,FALSE
06/22/2021,4246.44,4224.610000000001,4255.84,4217.2699999999995,0.5167340890638192,21.829999999999018,38.57000000000062,TRUE
06/21/2021,4224.79,4173.4,4226.24,4173.4,1.2313701059088593,51.39000000000033,52.840000000000146,TRUE
06/18/2021,4166.45,4204.78,4204.78,4164.4,-0.9115815809626171,-38.32999999999993,40.38000000000011,FALSE
06/17/2021,4221.860000000001,4220.37,4232.29,4196.05,0.03530496141335218,1.4900000000006912,36.23999999999978,TRUE
06/16/2021,4223.7,4248.87,4251.89,4202.45,-0.5923928009094199,-25.170000000000073,49.44000000000051,FALSE
06/15/2021,4246.59,4255.28,4257.160000000001,4238.35,-0.2042168787952755,-8.6899999999996,18.8100000000004,FALSE
06/14/2021,4255.1500000000005,4248.31,4255.59,4234.07,0.1610051997147135,6.8400000000001455,21.520000000000437,TRUE
06/11/2021,4247.44,4242.9,4248.38,4232.25,0.1070022861721927,4.539999999999964,16.13000000000011,TRUE
06/10/2021,4239.18,4228.56,4249.74,4220.34,0.2511493274306121,10.61999999999989,29.399999999999636,TRUE
06/09/2021,4219.55,4232.99,4237.09,4218.74,-0.317506065452543,-13.4399999999996,18.350000000000364,FALSE
06/08/2021,4227.26,4233.81,4236.74,4208.41,-0.15470698968541766,-6.550000000000182,28.329999999999927,FALSE
06/07/2021,4226.52,4229.34,4232.34,4215.660000000001,-0.06667707018115614,-2.819999999999709,16.67999999999938,FALSE
06/04/2021,4229.89,4206.05,4233.45,4206.05,0.5668025819949869,23.840000000000146,27.399999999999636,TRUE
06/03/2021,4192.85,4191.429999999999,4204.39,4167.929999999999,0.03387865239312078,1.4200000000009823,36.460000000000946,TRUE
06/02/2021,4208.120000000001,4206.820000000001,4217.37,4198.2699999999995,0.030902201663018186,1.300000000000182,19.100000000000364,TRUE
06/01/2021,4202.04,4216.52,4234.120000000001,4197.59,-0.3434111542219762,-14.480000000000473,36.530000000000655,FALSE
05/28/2021,4204.110000000001,4210.7699999999995,4218.360000000001,4203.57,-0.15816584615162893,-6.659999999998945,14.790000000000873,FALSE
05/27/2021,4200.88,4201.94,4213.38,4197.78,-0.025226443023924443,-1.0599999999994907,15.600000000000364,FALSE
05/26/2021,4195.99,4191.59,4202.610000000001,4184.110000000001,0.10497209889325139,4.399999999999636,18.5,TRUE
05/25/2021,4188.13,4205.94,4213.42,4182.52,-0.4234487415417123,-17.80999999999949,30.899999999999636,FALSE
05/24/2021,4197.05,4170.160000000001,4209.52,4170.160000000001,0.6448193834289191,26.889999999999418,39.35999999999967,TRUE
05/21/2021,4155.860000000001,4168.610000000001,4188.72,4151.72,-0.30585734813283083,-12.75,37,FALSE
05/20/2021,4159.120000000001,4121.969999999999,4172.8,4121.969999999999,0.9012680829797757,37.150000000001455,50.83000000000084,TRUE
05/19/2021,4115.68,4098.45,4116.929999999999,4061.4100000000003,0.4204028352182038,17.230000000000473,55.51999999999907,TRUE
05/18/2021,4127.83,4165.94,4169.1500000000005,4125.99,-0.9147995410399496,-38.10999999999967,43.160000000000764,FALSE
05/17/2021,4163.29,4169.92,4171.92,4142.6900000000005,-0.15899585603561,-6.630000000000109,29.229999999999563,FALSE
05/14/2021,4173.85,4129.58,4183.13,4129.58,1.0720218521011928,44.27000000000044,53.55000000000018,TRUE
05/13/2021,4112.5,4074.9900000000002,4131.58,4074.9900000000002,0.9204930564246724,37.50999999999976,56.58999999999969,TRUE
05/12/2021,4063.04,4130.55,4134.73,4056.88,-1.6344070402246729,-67.51000000000022,77.84999999999945,FALSE
05/11/2021,4152.1,4150.34,4162.04,4111.53,0.04240616431425421,1.7600000000002183,50.51000000000022,TRUE
05/10/2021,4188.429999999999,4228.29,4236.39,4188.13,-0.9426978755005117,-39.86000000000058,48.26000000000022,FALSE
05/07/2021,4232.6,4210.34,4238.04,4201.64,0.5286983949039796,22.26000000000022,36.399999999999636,TRUE
05/06/2021,4201.620000000001,4169.14,4202.7,4147.33,0.779057551437478,32.48000000000047,55.36999999999989,TRUE
05/05/2021,4167.59,4177.06,4187.72,4160.94,-0.2267144833926315,-9.470000000000255,26.780000000000655,FALSE
05/04/2021,4164.660000000001,4179.04,4179.04,4128.59,-0.3440981660859719,-14.3799999999992,50.44999999999982,FALSE
05/03/2021,4192.660000000001,4191.98,4209.39,4188.03,0.016221451438251152,0.6800000000012005,21.360000000000582,TRUE
04/30/2021,4181.17,4198.1,4198.1,4174.85,-0.4032776732331361,-16.93000000000029,23.25,FALSE
04/29/2021,4211.469999999999,4206.14,4218.78,4176.81,0.1267195100495708,5.329999999999018,41.969999999999345,TRUE
04/28/2021,4183.18,4185.14,4201.53,4181.78,-0.04683236403083376,-1.9600000000000364,19.75,FALSE
04/27/2021,4186.72,4188.25,4193.35,4176.22,-0.03653077060824319,-1.5299999999997453,17.13000000000011,FALSE
04/26/2021,4187.620000000001,4185.03,4194.1900000000005,4182.360000000001,0.06188725050957951,2.590000000001055,11.829999999999927,TRUE
04/23/2021,4180.17,4138.78,4194.17,4138.78,1.0000531557608845,41.39000000000033,55.39000000000033,TRUE
04/22/2021,4134.98,4170.46,4179.57,4123.6900000000005,-0.8507454813138233,-35.48000000000047,55.8799999999992,FALSE
04/21/2021,4173.42,4128.42,4175.02,4126.35,1.0900053773598615,45,48.67000000000007,TRUE
04/20/2021,4134.94,4159.18,4159.18,4118.38,-0.5828071879553347,-24.24000000000069,40.80000000000018,FALSE
04/19/2021,4163.26,4179.8,4180.81,4150.469999999999,-0.39571271352696213,-16.539999999999964,30.340000000001055,FALSE
04/16/2021,4185.469999999999,4174.14,4191.31,4170.75,0.27143315748870467,11.329999999999018,20.5600000000004,TRUE
04/15/2021,4170.42,4139.76,4173.49,4139.76,0.7406226447909988,30.659999999999854,33.72999999999956,TRUE
04/14/2021,4124.660000000001,4141.58,4151.6900000000005,4120.87,-0.40853973604274607,-16.919999999999163,30.82000000000062,FALSE
04/13/2021,4141.59,4130.1,4148,4124.429999999999,0.27820149633180263,11.489999999999782,23.57000000000062,TRUE
04/12/2021,4127.99,4124.71,4131.76,4114.820000000001,0.0795207420642844,3.2799999999997453,16.9399999999996,TRUE
04/09/2021,4128.8,4096.110000000001,4129.48,4095.51,0.7980742704663594,32.6899999999996,33.969999999999345,TRUE
04/08/2021,4097.17,4089.9500000000003,4098.1900000000005,4082.54,0.1765302754312351,7.2199999999998,15.650000000000546,TRUE
04/07/2021,4079.9500000000003,4074.29,4083.13,4068.3100000000004,0.13891990997205178,5.660000000000309,14.819999999999709,TRUE
04/06/2021,4073.94,4075.57,4086.23,4068.14,-0.03999440569049505,-1.6300000000001091,18.090000000000146,FALSE
04/05/2021,4077.9100000000003,4034.44,4083.42,4034.44,1.0774729578330637,43.470000000000255,48.98000000000002,TRUE
04/01/2021,4019.8700000000003,3992.7799999999997,4020.63,3992.7799999999997,0.678474646737376,27.0900000000006,27.850000000000364,TRUE
03/31/2021,3972.8900000000003,3967.25,3994.4100000000003,3966.98,0.14216396748378163,5.640000000000327,27.43000000000029,TRUE
03/30/2021,3958.55,3963.34,3968.01,3944.3500000000004,-0.12085766045809754,-4.789999999999964,23.659999999999854,FALSE
03/29/2021,3971.09,3969.3100000000004,3981.8300000000004,3943.25,0.04484406609712381,1.7799999999997453,38.58000000000038,TRUE
03/26/2021,3974.54,3917.12,3978.19,3917.12,1.4658728862021095,57.42000000000007,61.070000000000164,TRUE
03/25/2021,3909.52,3879.34,3919.54,3853.5,0.7779673862048656,30.179999999999836,66.03999999999996,TRUE
03/24/2021,3889.14,3919.9300000000003,3942.08,3889.07,-0.7854732099808011,-30.79000000000042,53.00999999999976,FALSE
03/23/2021,3910.52,3937.6,3949.13,3901.57,-0.6877285656237284,-27.079999999999927,47.559999999999945,FALSE
03/22/2021,3940.59,3916.48,3955.3100000000004,3914.16,0.615603807500616,24.110000000000127,41.150000000000546,TRUE
03/19/2021,3913.1,3913.14,3930.12,3886.75,-0.0010221970080284278,-0.03999999999996362,43.36999999999989,FALSE
03/18/2021,3915.46,3953.5,3969.62,3910.86,-0.9621854053370422,-38.039999999999964,58.75999999999976,FALSE
03/17/2021,3974.12,3949.57,3983.8700000000003,3935.74,0.6215866537369822,24.549999999999727,48.130000000000564,TRUE
03/16/2021,3962.71,3973.59,3981.04,3953.44,-0.27380781610584154,-10.88000000000011,27.59999999999991,FALSE
03/15/2021,3968.94,3942.96,3970.08,3923.54,0.6588958548907424,25.980000000000018,46.539999999999964,TRUE
03/12/2021,3943.34,3924.52,3944.9900000000002,3915.21,0.47954909135385126,18.820000000000164,29.7800000000002,TRUE
03/11/2021,3939.34,3915.54,3960.27,3915.54,0.6078344238598044,23.800000000000182,44.73000000000002,TRUE
03/10/2021,3898.8100000000004,3891.9900000000002,3917.3500000000004,3885.73,0.17523169381216713,6.820000000000164,31.620000000000346,TRUE
03/09/2021,3875.44,3851.9300000000003,3903.7599999999998,3851.9300000000003,0.6103433863024448,23.509999999999764,51.82999999999947,TRUE
03/08/2021,3821.3500000000004,3844.3900000000003,3881.06,3819.25,-0.5993148457882775,-23.039999999999964,61.809999999999945,FALSE
03/05/2021,3841.94,3793.58,3851.69,3730.19,1.2747852951565573,48.36000000000013,121.5,TRUE
03/04/2021,3768.4700000000003,3818.53,3843.67,3723.34,-1.310975689597828,-50.059999999999945,120.32999999999993,FALSE
03/03/2021,3819.72,3863.9900000000002,3874.4700000000003,3818.86,-1.145706898827389,-44.27000000000044,55.61000000000013,FALSE
03/02/2021,3870.29,3903.64,3906.4100000000003,3868.57,-0.8543308296871616,-33.34999999999991,37.840000000000146,FALSE
03/01/2021,3901.82,3842.51,3914.5,3842.51,1.543522333058338,59.309999999999945,71.98999999999978,TRUE
02/26/2021,3811.15,3839.66,3861.08,3789.54,-0.7425136600636454,-28.509999999999764,71.53999999999996,FALSE
02/25/2021,3829.34,3915.8,3925.02,3814.04,-2.2079779355431848,-86.46000000000004,110.98000000000002,FALSE
02/24/2021,3925.4300000000003,3873.71,3928.65,3859.6,1.3351541545443582,51.720000000000255,69.05000000000018,TRUE
02/23/2021,3881.3700000000003,3857.07,3895.98,3805.59,0.6300119002247867,24.300000000000182,90.38999999999987,TRUE
02/22/2021,3876.5,3885.55,3902.92,3874.71,-0.23291425924258294,-9.050000000000182,28.210000000000036,FALSE
02/19/2021,3906.71,3921.16,3930.4100000000003,3903.07,-0.3685133990961812,-14.449999999999818,27.340000000000146,FALSE
02/18/2021,3913.9700000000003,3915.86,3921.98,3885.03,-0.04826525973859823,-1.8899999999998727,36.94999999999982,FALSE
02/17/2021,3931.3300000000004,3918.5,3933.61,3900.4300000000003,0.32742120709456124,12.830000000000382,33.179999999999836,TRUE
02/16/2021,3932.59,3939.61,3950.4300000000003,3923.8500000000004,-0.17819022695139827,-7.019999999999982,26.579999999999927,FALSE
02/12/2021,3934.8300000000004,3911.65,3937.23,3905.7799999999997,0.5925888052356496,23.18000000000029,31.450000000000273,TRUE
02/11/2021,3916.38,3916.4,3925.9900000000002,3890.3900000000003,-5.106730671019765e-4,-0.01999999999998181,35.59999999999991,FALSE
02/10/2021,3909.88,3920.7799999999997,3931.5,3884.94,-0.278005906987886,-10.899999999999636,46.559999999999945,FALSE
02/09/2021,3911.23,3910.4900000000002,3918.3500000000004,3902.64,0.01892345971987607,0.7399999999997817,15.710000000000491,TRUE
02/08/2021,3915.59,3892.59,3915.77,3892.59,0.590866235591213,23,23.179999999999836,TRUE
02/05/2021,3886.8300000000004,3878.3,3894.56,3874.9300000000003,0.21994172704536008,8.5300000000002,19.629999999999654,TRUE
02/04/2021,3871.74,3836.66,3872.42,3836.66,0.9143369493257136,35.07999999999993,35.76000000000022,TRUE
02/03/2021,3830.17,3840.27,3847.51,3816.68,-0.2630023409812307,-10.099999999999909,30.830000000000382,FALSE
02/02/2021,3826.3100000000004,3791.84,3843.09,3791.84,0.9090573441917447,34.470000000000255,51.25,TRUE
02/01/2021,3773.86,3731.17,3784.32,3725.62,1.144145134100029,42.690000000000055,58.70000000000027,TRUE
01/29/2021,3714.24,3778.05,3778.05,3694.12,-1.6889665303529704,-63.8100000000004,83.93000000000029,FALSE
01/28/2021,3787.38,3755.75,3830.5,3755.75,0.8421753311588925,31.63000000000011,74.75,TRUE
01/27/2021,3750.77,3836.8300000000004,3836.8300000000004,3732.48,-2.242997474477639,-86.0600000000004,104.35000000000036,FALSE
01/26/2021,3849.62,3862.96,3870.9,3847.7799999999997,-0.34533104148114774,-13.340000000000146,23.120000000000346,FALSE
01/25/2021,3855.36,3851.68,3859.23,3797.16,0.09554272421385711,3.680000000000291,62.070000000000164,TRUE
01/22/2021,3841.4700000000003,3844.24,3852.3100000000004,3830.4100000000003,-0.07205585499343244,-2.769999999999527,21.90000000000009,FALSE
01/21/2021,3853.07,3857.46,3861.4500000000003,3845.05,-0.11380545747719671,-4.389999999999873,16.40000000000009,FALSE
01/20/2021,3851.8500000000004,3816.22,3859.75,3816.22,0.9336463830701733,35.630000000000564,43.5300000000002,TRUE
01/19/2021,3798.9100000000003,3781.88,3804.53,3780.3700000000003,0.4503051392429215,17.0300000000002,24.159999999999854,TRUE
01/15/2021,3768.25,3788.73,3788.73,3749.62,-0.540550527485464,-20.480000000000018,39.11000000000013,FALSE
01/14/2021,3795.54,3814.98,3823.6,3792.86,-0.509570168126702,-19.440000000000055,30.73999999999978,FALSE
01/13/2021,3809.84,3802.23,3820.96,3791.5,0.20014570396846396,7.610000000000127,29.460000000000036,TRUE
01/12/2021,3801.19,3801.62,3810.7799999999997,3776.51,-0.011310967429670412,-0.4299999999998363,34.26999999999953,FALSE
01/11/2021,3799.61,3803.14,3817.86,3789.02,-0.09281803983023884,-3.5299999999997453,28.840000000000146,FALSE
01/08/2021,3824.68,3815.05,3826.69,3783.6,0.25242133130626476,9.629999999999654,43.090000000000146,TRUE
01/07/2021,3803.79,3764.71,3811.55,3764.71,1.0380613646203805,39.07999999999993,46.840000000000146,TRUE
01/06/2021,3748.14,3712.2,3783.04,3705.34,0.9681590431550039,35.940000000000055,77.69999999999982,TRUE
01/05/2021,3726.86,3698.02,3737.8300000000004,3695.07,0.7798767989356505,28.840000000000146,42.76000000000022,TRUE
01/04/2021,3700.65,3764.61,3769.9900000000002,3662.71,-1.6989807709165101,-63.960000000000036,107.2800000000002,FALSE
12/31/2020,3756.07,3733.27,3760.2,3726.88,0.6107246462216819,22.800000000000182,33.31999999999971,TRUE
12/30/2020,3732.04,3736.19,3744.63,3730.21,-0.11107572152380073,-4.150000000000091,14.420000000000073,FALSE
12/29/2020,3727.04,3750.01,3756.12,3723.3100000000004,-0.6125316999154737,-22.970000000000255,32.80999999999949,FALSE
12/28/2020,3735.36,3723.03,3740.51,3723.03,0.3311818599366625,12.329999999999927,17.480000000000018,TRUE
12/24/2020,3703.06,3694.03,3703.82,3689.32,0.24444847497177186,9.029999999999745,14.5,TRUE
12/23/2020,3690.01,3693.42,3711.24,3689.2799999999997,-0.09232635335271522,-3.4099999999998545,21.960000000000036,FALSE
12/22/2020,3687.2599999999998,3698.08,3698.2599999999998,3676.16,-0.2925842599402978,-10.820000000000164,22.09999999999991,FALSE
12/21/2020,3694.92,3684.2799999999997,3702.9,3636.48,0.28879455415984473,10.640000000000327,66.42000000000007,TRUE
12/18/2020,3709.4100000000003,3722.3900000000003,3726.7,3685.84,-0.34870070035649187,-12.980000000000018,40.85999999999967,FALSE
12/17/2020,3722.48,3713.65,3725.12,3710.8700000000003,0.23777146473146168,8.829999999999927,14.249999999999545,TRUE
12/16/2020,3701.17,3696.25,3711.27,3688.57,0.13310787960771248,4.920000000000073,22.699999999999818,TRUE
12/15/2020,3694.62,3666.4100000000003,3695.29,3659.62,0.7694174955883161,28.20999999999958,35.67000000000007,TRUE
12/14/2020,3647.4900000000002,3675.27,3697.61,3645.84,-0.7558628345672493,-27.779999999999745,51.76999999999998,FALSE
12/11/2020,3663.46,3656.08,3665.9100000000003,3633.4,0.20185553926610222,7.380000000000109,32.51000000000022,TRUE
12/10/2020,3668.1,3659.13,3678.4900000000002,3645.18,0.24514023825334985,8.9699999999998,33.3100000000004,TRUE
12/09/2020,3672.82,3705.98,3712.3900000000003,3660.54,-0.8947700743123238,-33.159999999999854,51.850000000000364,FALSE
12/08/2020,3702.25,3683.05,3708.4500000000003,3678.8300000000004,0.5213070688695461,19.199999999999818,29.61999999999989,TRUE
12/07/2020,3691.96,3694.73,3697.4100000000003,3678.88,-0.07497164880789615,-2.769999999999982,18.5300000000002,FALSE
12/04/2020,3699.12,3670.94,3699.2,3670.94,0.767650792440079,28.179999999999836,28.259999999999764,TRUE
12/03/2020,3666.72,3668.2799999999997,3682.73,3657.17,-0.042526742778630465,-1.5599999999999454,25.559999999999945,FALSE
12/02/2020,3669.01,3653.7799999999997,3670.96,3644.84,0.4168285994230762,15.230000000000473,26.11999999999989,TRUE
12/01/2020,3662.4500000000003,3645.8700000000003,3678.4500000000003,3645.8700000000003,0.4547611406879545,16.579999999999927,32.57999999999993,TRUE
11/30/2020,3621.63,3634.18,3634.18,3594.3900000000003,-0.3453323720894322,-12.549999999999727,39.78999999999951,FALSE
11/27/2020,3638.3500000000004,3638.55,3644.3100000000004,3629.3300000000004,-0.005496695112058872,-0.1999999999998181,14.980000000000018,FALSE
11/25/2020,3629.65,3635.5,3635.5,3617.7599999999998,-0.16091321688900864,-5.849999999999909,17.740000000000236,FALSE
11/24/2020,3635.4100000000003,3594.52,3642.3100000000004,3594.52,1.1375649599946678,40.89000000000033,47.79000000000042,TRUE
11/23/2020,3577.59,3566.82,3589.8100000000004,3552.77,0.30194963581004874,10.769999999999982,37.04000000000042,TRUE
11/20/2020,3557.54,3579.3100000000004,3581.23,3556.8500000000004,-0.6082177849920916,-21.770000000000437,24.379999999999654,FALSE
11/19/2020,3581.8700000000003,3559.4100000000003,3585.22,3543.84,0.6310034528194289,22.460000000000036,41.379999999999654,TRUE
11/18/2020,3567.79,3612.09,3619.09,3567.3300000000004,-1.2264367720627165,-44.30000000000018,51.75999999999976,FALSE
11/17/2020,3609.53,3610.3100000000004,3623.11,3588.68,-0.02160479294022397,-0.7800000000002001,34.43000000000029,FALSE
11/16/2020,3626.9100000000003,3600.16,3628.51,3600.16,0.7430225323319091,26.750000000000455,28.350000000000364,TRUE
11/13/2020,3585.15,3552.57,3593.66,3552.57,0.9170825627644192,32.57999999999993,41.08999999999969,TRUE
11/12/2020,3537.01,3562.67,3569.02,3518.58,-0.7202463321048499,-25.659999999999854,50.440000000000055,FALSE
11/11/2020,3572.66,3563.22,3581.16,3557,0.2649289126127507,9.440000000000055,24.159999999999854,TRUE
11/10/2020,3545.53,3543.2599999999998,3557.22,3511.9100000000003,0.0640652958010543,2.2700000000004366,45.30999999999949,TRUE
11/09/2020,3550.5,3583.04,3645.9900000000002,3547.48,-0.9081673662588182,-32.539999999999964,98.51000000000022,FALSE
11/06/2020,3509.44,3508.34,3521.58,3484.34,0.031353859660121566,1.099999999999909,37.23999999999978,TRUE
11/05/2020,3510.4500000000003,3485.74,3529.05,3485.74,0.7088882131197534,24.71000000000049,43.3100000000004,TRUE
11/04/2020,3443.44,3406.46,3486.25,3405.17,1.085584448371624,36.98000000000002,81.07999999999993,TRUE
11/03/2020,3369.16,3336.25,3389.4900000000002,3336.25,0.9864368677407224,32.909999999999854,53.24000000000024,TRUE
11/02/2020,3310.24,3296.2,3330.14,3279.74,0.42594502760754704,14.039999999999964,50.40000000000009,TRUE
10/30/2020,3269.96,3293.59,3304.9300000000003,3233.94,-0.7174542065041523,-23.63000000000011,70.99000000000024,FALSE
10/29/2020,3310.11,3277.17,3341.05,3259.82,1.0051355285200358,32.940000000000055,81.23000000000002,TRUE
10/28/2020,3271.03,3342.48,3342.48,3268.8900000000003,-2.1376343313946475,-71.44999999999982,73.58999999999969,FALSE
10/27/2020,3390.68,3403.15,3409.51,3388.71,-0.3664252236898243,-12.470000000000255,20.800000000000182,FALSE
10/26/2020,3400.9700000000003,3441.42,3441.42,3364.86,-1.1753869042430107,-40.44999999999982,76.55999999999995,FALSE
10/23/2020,3465.3900000000003,3464.9,3466.46,3440.4500000000003,0.01414182227481995,0.49000000000023647,26.009999999999764,TRUE
10/22/2020,3453.4900000000002,3438.5,3460.53,3415.34,0.4359459066453464,14.990000000000236,45.190000000000055,TRUE
10/21/2020,3435.56,3439.9100000000003,3464.86,3433.06,-0.12645679683481148,-4.350000000000364,31.800000000000182,FALSE
10/20/2020,3443.12,3439.38,3476.9300000000003,3435.65,0.10874052881623378,3.7399999999997817,41.2800000000002,TRUE
10/19/2020,3426.92,3493.66,3502.42,3419.9300000000003,-1.9103175466416247,-66.73999999999978,82.48999999999978,FALSE
10/16/2020,3483.8100000000004,3493.5,3515.7599999999998,3480.4500000000003,-0.2773722627737112,-9.6899999999996,35.30999999999949,FALSE
10/15/2020,3483.34,3453.72,3489.08,3440.8900000000003,0.8576259801026241,29.620000000000346,48.1899999999996,TRUE
10/14/2020,3488.67,3515.4700000000003,3527.94,3480.55,-0.7623447220428614,-26.800000000000182,47.38999999999987,FALSE
10/13/2020,3511.9300000000003,3534.01,3534.01,3500.86,-0.624786007962624,-22.079999999999927,33.15000000000009,FALSE
10/12/2020,3534.22,3500.02,3549.8500000000004,3499.61,0.9771372735012891,34.19999999999982,50.24000000000024,TRUE
10/09/2020,3477.13,3459.67,3482.34,3458.07,0.5046724109524907,17.460000000000036,24.269999999999982,TRUE
10/08/2020,3446.8300000000004,3434.2799999999997,3447.2799999999997,3428.15,0.36543322035479453,12.550000000000637,19.129999999999654,TRUE
10/07/2020,3419.4500000000003,3384.56,3426.2599999999998,3384.56,1.0308577776727352,34.89000000000033,41.69999999999982,TRUE
10/06/2020,3360.9500000000003,3408.74,3431.56,3354.54,-1.4019843109183896,-47.78999999999951,77.01999999999998,FALSE
10/05/2020,3408.63,3367.27,3409.57,3367.27,1.2282947313402288,41.36000000000013,42.30000000000018,TRUE
10/02/2020,3348.44,3338.94,3369.1,3323.69,0.2845214349464201,9.5,45.409999999999854,TRUE
10/01/2020,3380.8,3385.8700000000003,3397.18,3361.3900000000003,-0.14973994866903229,-5.070000000000164,35.78999999999951,FALSE
